row_id,transaction_id,timestamp,label,xgb_probability,graphsage_probability
8500,2995500,2017-01-03 22:32:48,0,0.001191562,0.4623469
8501,2995501,2017-01-03 22:33:24,0,0.0010179203,0.46377715
8502,2995502,2017-01-03 22:33:33,0,0.0071537746,0.42631885
8503,2995503,2017-01-03 22:33:40,0,8.5104555e-05,0.4491132
8504,2995504,2017-01-03 22:33:44,1,0.035795636,0.5757907
8505,2995505,2017-01-03 22:33:49,0,0.0007564992,0.45384657
8506,2995506,2017-01-03 22:33:49,0,0.25619507,0.4349891
8507,2995507,2017-01-03 22:33:54,0,0.0074778344,0.4246853
8508,2995508,2017-01-03 22:34:08,0,0.0049624313,0.45659354
8509,2995509,2017-01-03 22:34:22,0,0.00011168663,0.42914855
8510,2995510,2017-01-03 22:34:27,0,0.0035409618,0.44093543
8511,2995511,2017-01-03 22:34:52,0,0.0047770767,0.4320928
8512,2995512,2017-01-03 22:35:03,0,0.08836566,0.45033973
8513,2995513,2017-01-03 22:35:13,0,0.0012361223,0.5140095
8514,2995514,2017-01-03 22:35:24,0,0.0009990428,0.54290867
8515,2995515,2017-01-03 22:35:25,0,0.012358197,0.433753
8516,2995516,2017-01-03 22:35:32,1,0.007912485,0.43908173
8517,2995517,2017-01-03 22:35:43,0,0.002291882,0.4467529
8518,2995518,2017-01-03 22:35:45,0,0.01596987,0.44706967
8519,2995519,2017-01-03 22:35:57,0,0.00046558105,0.42288154
8520,2995520,2017-01-03 22:36:19,0,0.065278284,0.43582472
8521,2995521,2017-01-03 22:36:28,0,0.0010324415,0.440884
8522,2995522,2017-01-03 22:36:29,0,0.0019671884,0.44730112
8523,2995523,2017-01-03 22:36:41,0,0.00778606,0.49210662
8524,2995524,2017-01-03 22:36:55,0,0.00026092748,0.43740252
8525,2995525,2017-01-03 22:37:01,0,0.0011300805,0.48701516
8526,2995526,2017-01-03 22:37:02,0,0.00880337,0.43704566
8527,2995527,2017-01-03 22:37:19,0,0.0041526514,0.4619766
8528,2995528,2017-01-03 22:37:42,0,0.005955714,0.45763317
8529,2995529,2017-01-03 22:38:50,0,0.003908332,0.46600324
8530,2995530,2017-01-03 22:38:51,0,0.009153693,0.44587612
8531,2995531,2017-01-03 22:38:56,0,0.0021574958,0.4654845
8532,2995532,2017-01-03 22:39:06,1,0.005616693,0.46567687
8533,2995533,2017-01-03 22:39:13,0,0.00015428671,0.43949208
8534,2995534,2017-01-03 22:39:16,0,0.00018424164,0.5269564
8535,2995535,2017-01-03 22:40:03,0,0.001821536,0.4405431
8536,2995536,2017-01-03 22:40:55,0,0.013064125,0.47568834
8537,2995537,2017-01-03 22:41:02,0,0.02672656,0.4311986
8538,2995538,2017-01-03 22:41:15,0,0.0009177484,0.45846617
8539,2995539,2017-01-03 22:41:34,0,0.008874614,0.43981633
8540,2995540,2017-01-03 22:41:57,0,0.0029084147,0.46837765
8541,2995541,2017-01-03 22:41:58,0,0.0007669905,0.43152988
8542,2995542,2017-01-03 22:41:59,0,0.0039006097,0.43316135
8543,2995543,2017-01-03 22:42:26,0,0.005739806,0.45865083
8544,2995544,2017-01-03 22:42:39,0,0.00079555216,0.5443338
8545,2995545,2017-01-03 22:42:49,0,0.016847765,0.43304402
8546,2995546,2017-01-03 22:43:14,0,0.005723312,0.56714493
8547,2995547,2017-01-03 22:43:38,0,0.0012006721,0.43617937
8548,2995548,2017-01-03 22:43:42,0,0.023952557,0.5196308
8549,2995549,2017-01-03 22:43:47,0,0.0024218366,0.47951397
8550,2995550,2017-01-03 22:43:52,0,0.001559253,0.44221184
8551,2995551,2017-01-03 22:44:01,0,6.525316e-05,0.43068412
8552,2995552,2017-01-03 22:44:04,0,0.00021428191,0.45841998
8553,2995553,2017-01-03 22:44:15,0,0.003678635,0.58654714
8554,2995554,2017-01-03 22:44:20,0,0.0007092046,0.4478349
8555,2995555,2017-01-03 22:44:29,0,0.002673484,0.46173412
8556,2995556,2017-01-03 22:44:30,0,0.00058481016,0.52075315
8557,2995557,2017-01-03 22:45:02,0,0.0011715787,0.46363503
8558,2995558,2017-01-03 22:45:24,0,0.0013142857,0.44117337
8559,2995559,2017-01-03 22:45:32,0,0.00012128949,0.44357845
8560,2995560,2017-01-03 22:45:34,0,0.0015461935,0.463078
8561,2995561,2017-01-03 22:45:45,0,0.0023004068,0.43784812
8562,2995562,2017-01-03 22:46:23,0,0.03298939,0.4758828
8563,2995563,2017-01-03 22:47:30,0,0.0017834387,0.4383717
8564,2995564,2017-01-03 22:47:34,0,0.00030644517,0.4560359
8565,2995565,2017-01-03 22:47:38,0,0.0013025712,0.5419383
8566,2995566,2017-01-03 22:47:47,0,0.00073434884,0.4455036
8567,2995567,2017-01-03 22:47:54,0,0.0062395236,0.44428372
8568,2995568,2017-01-03 22:47:58,0,0.0009788689,0.4728935
8569,2995569,2017-01-03 22:48:09,0,0.097882785,0.44045183
8570,2995570,2017-01-03 22:48:14,0,0.00031233788,0.5504241
8571,2995571,2017-01-03 22:48:58,0,0.00016100895,0.45144713
8572,2995572,2017-01-03 22:49:13,0,0.00018313908,0.48564646
8573,2995573,2017-01-03 22:49:38,0,0.0052836565,0.44611603
8574,2995574,2017-01-03 22:49:50,0,0.012234797,0.5146777
8575,2995575,2017-01-03 22:49:58,0,0.011327074,0.46155098
8576,2995576,2017-01-03 22:50:00,0,0.0018015484,0.55183303
8577,2995577,2017-01-03 22:50:25,0,0.0021031338,0.44079298
8578,2995578,2017-01-03 22:50:28,0,0.00071236724,0.45142463
8579,2995579,2017-01-03 22:50:30,0,0.0013611796,0.52902097
8580,2995580,2017-01-03 22:50:54,0,0.008491066,0.45495206
8581,2995581,2017-01-03 22:51:08,0,0.0013968957,0.4653172
8582,2995582,2017-01-03 22:51:27,0,0.011160867,0.45964694
8583,2995583,2017-01-03 22:51:31,0,0.02975296,0.45564595
8584,2995584,2017-01-03 22:52:15,0,0.038460203,0.4426009
8585,2995585,2017-01-03 22:52:48,0,0.000108899294,0.44598213
8586,2995586,2017-01-03 22:52:48,0,0.00035594028,0.45884174
8587,2995587,2017-01-03 22:53:27,0,0.019499782,0.4958921
8588,2995588,2017-01-03 22:54:01,0,0.0063232356,0.4539123
8589,2995589,2017-01-03 22:54:02,0,0.0021279096,0.48826036
8590,2995590,2017-01-03 22:54:05,0,0.00049631594,0.45320976
8591,2995591,2017-01-03 22:54:06,0,0.00063546037,0.45126483
8592,2995592,2017-01-03 22:54:08,0,0.00447238,0.46936098
8593,2995593,2017-01-03 22:54:10,0,0.004920526,0.47283643
8594,2995594,2017-01-03 22:54:36,1,0.0010607556,0.4689452
8595,2995595,2017-01-03 22:54:40,0,0.0766452,0.50526065
8596,2995596,2017-01-03 22:54:47,0,0.0032368815,0.44577053
8597,2995597,2017-01-03 22:54:49,0,0.0011478296,0.46855846
8598,2995598,2017-01-03 22:54:55,0,0.015356059,0.4624642
8599,2995599,2017-01-03 22:54:56,0,0.12934156,0.43511653
8600,2995600,2017-01-03 22:55:15,0,0.0004967623,0.4597542
8601,2995601,2017-01-03 22:55:15,0,0.015187815,0.45182332
8602,2995602,2017-01-03 22:55:25,1,0.0005626933,0.5539575
8603,2995603,2017-01-03 22:55:42,0,0.14351335,0.45741087
8604,2995604,2017-01-03 22:55:45,0,0.049856033,0.50492877
8605,2995605,2017-01-03 22:55:55,0,0.0036773733,0.4692791
8606,2995606,2017-01-03 22:56:09,0,0.0030515871,0.4736024
8607,2995607,2017-01-03 22:56:09,0,0.014182603,0.45669657
8608,2995608,2017-01-03 22:56:19,0,0.008592713,0.4596906
8609,2995609,2017-01-03 22:56:23,0,0.004436336,0.45926362
8610,2995610,2017-01-03 22:56:25,0,0.007486949,0.47348443
8611,2995611,2017-01-03 22:56:41,0,0.0042978716,0.49008885
8612,2995612,2017-01-03 22:56:46,0,0.0035315007,0.44189775
8613,2995613,2017-01-03 22:57:13,0,0.0027247195,0.45083764
8614,2995614,2017-01-03 22:57:38,0,0.0009817128,0.42279547
8615,2995615,2017-01-03 22:57:43,0,0.01989248,0.43843192
8616,2995616,2017-01-03 22:57:44,0,0.028473267,0.5540114
8617,2995617,2017-01-03 22:57:45,0,0.007533485,0.48773488
8618,2995618,2017-01-03 22:58:14,0,0.003622713,0.45360315
8619,2995619,2017-01-03 22:58:48,1,0.010033651,0.44356498
8620,2995620,2017-01-03 22:59:38,0,0.002020774,0.4551115
8621,2995621,2017-01-03 22:59:45,0,0.0006400464,0.44397056
8622,2995622,2017-01-03 22:59:47,0,0.036973607,0.45970505
8623,2995623,2017-01-03 22:59:47,0,0.0015631106,0.49083656
8624,2995624,2017-01-03 22:59:47,0,0.002758534,0.48062018
8625,2995625,2017-01-03 23:00:39,0,0.04069733,0.4615874
8626,2995626,2017-01-03 23:01:06,0,0.037084833,0.43972728
8627,2995627,2017-01-03 23:02:03,0,0.022248521,0.46699667
8628,2995628,2017-01-03 23:02:26,0,0.008723169,0.4436173
8629,2995629,2017-01-03 23:02:34,1,0.010201372,0.4957363
8630,2995630,2017-01-03 23:02:38,0,0.01258876,0.46552786
8631,2995631,2017-01-03 23:03:15,0,0.0066541396,0.43549904
8632,2995632,2017-01-03 23:03:23,0,0.004314735,0.45725125
8633,2995633,2017-01-03 23:03:25,0,0.0034787792,0.45502314
8634,2995634,2017-01-03 23:03:32,0,0.0005129642,0.54912186
8635,2995635,2017-01-03 23:03:34,0,0.030450722,0.46009004
8636,2995636,2017-01-03 23:03:44,0,0.0034938313,0.46257427
8637,2995637,2017-01-03 23:03:44,0,0.037041876,0.46105328
8638,2995638,2017-01-03 23:03:57,0,0.110263206,0.48555446
8639,2995639,2017-01-03 23:04:19,0,5.3561056e-05,0.43000245
8640,2995640,2017-01-03 23:04:25,0,0.0035289442,0.46411225
8641,2995641,2017-01-03 23:04:32,0,0.013205487,0.48811808
8642,2995642,2017-01-03 23:05:07,0,0.09818373,0.4437552
8643,2995643,2017-01-03 23:05:09,0,0.020533916,0.46213368
8644,2995644,2017-01-03 23:05:09,0,0.0025535417,0.43029672
8645,2995645,2017-01-03 23:05:10,0,0.1772991,0.46683207
8646,2995646,2017-01-03 23:05:13,0,0.003768497,0.4799369
8647,2995647,2017-01-03 23:05:23,0,0.008983607,0.45005023
8648,2995648,2017-01-03 23:05:29,0,0.0055738036,0.4481568
8649,2995649,2017-01-03 23:05:32,0,0.0032858865,0.4742899
8650,2995650,2017-01-03 23:05:58,0,0.013109112,0.46677274
8651,2995651,2017-01-03 23:06:02,0,0.0015338939,0.49388784
8652,2995652,2017-01-03 23:06:05,0,0.004546895,0.47602734
8653,2995653,2017-01-03 23:06:14,0,0.00028019547,0.44222862
8654,2995654,2017-01-03 23:06:30,0,0.2207251,0.45251563
8655,2995655,2017-01-03 23:06:33,0,0.1385818,0.42325
8656,2995656,2017-01-03 23:07:05,0,0.0026342422,0.45931593
8657,2995657,2017-01-03 23:07:09,0,0.029794157,0.4531722
8658,2995658,2017-01-03 23:07:17,0,0.068655595,0.4360499
8659,2995659,2017-01-03 23:07:23,0,0.004707385,0.4581178
8660,2995660,2017-01-03 23:07:29,0,0.0006320143,0.4256014
8661,2995661,2017-01-03 23:07:40,0,0.0023885043,0.45616108
8662,2995662,2017-01-03 23:07:56,0,0.00295709,0.46500632
8663,2995663,2017-01-03 23:08:15,0,0.0017513393,0.44458795
8664,2995664,2017-01-03 23:08:26,0,0.007597768,0.4589834
8665,2995665,2017-01-03 23:08:33,0,0.0033251434,0.46404734
8666,2995666,2017-01-03 23:08:58,0,0.008828972,0.44216186
8667,2995667,2017-01-03 23:09:35,0,0.0005473731,0.44549078
8668,2995668,2017-01-03 23:10:14,0,0.0035637093,0.45864108
8669,2995669,2017-01-03 23:10:37,0,0.0025863145,0.45114926
8670,2995670,2017-01-03 23:11:02,0,0.001550049,0.4260276
8671,2995671,2017-01-03 23:11:15,0,0.017034998,0.46229565
8672,2995672,2017-01-03 23:12:34,0,0.03403554,0.50012773
8673,2995673,2017-01-03 23:12:52,0,0.008842134,0.4502983
8674,2995674,2017-01-03 23:12:52,0,0.013524379,0.4982032
8675,2995675,2017-01-03 23:12:59,0,0.054273013,0.45295534
8676,2995676,2017-01-03 23:13:01,0,0.0021752457,0.44318137
8677,2995677,2017-01-03 23:13:11,0,0.0033266416,0.54387915
8678,2995678,2017-01-03 23:13:34,0,0.0026254137,0.44804764
8679,2995679,2017-01-03 23:13:49,0,0.0056678895,0.550387
8680,2995680,2017-01-03 23:13:57,0,0.0021721935,0.43926206
8681,2995681,2017-01-03 23:14:04,0,0.033062533,0.4493525
8682,2995682,2017-01-03 23:14:20,0,0.009854969,0.4401223
8683,2995683,2017-01-03 23:14:29,0,0.049906053,0.4823298
8684,2995684,2017-01-03 23:14:35,0,0.0057490934,0.4336869
8685,2995685,2017-01-03 23:14:50,0,0.000490627,0.53164744
8686,2995686,2017-01-03 23:14:50,0,0.0010163931,0.45708138
8687,2995687,2017-01-03 23:15:12,0,0.0030611635,0.45839024
8688,2995688,2017-01-03 23:15:25,0,0.03134552,0.4963709
8689,2995689,2017-01-03 23:15:31,0,0.09508181,0.5009555
8690,2995690,2017-01-03 23:15:37,0,0.040800486,0.44175717
8691,2995691,2017-01-03 23:15:50,0,0.044493113,0.4398275
8692,2995692,2017-01-03 23:15:57,0,0.037575893,0.47802442
8693,2995693,2017-01-03 23:16:54,0,0.01083618,0.4546747
8694,2995694,2017-01-03 23:16:56,0,0.03789353,0.42592022
8695,2995695,2017-01-03 23:16:59,0,0.019328056,0.44190234
8696,2995696,2017-01-03 23:17:06,0,0.0017411354,0.4339894
8697,2995697,2017-01-03 23:17:31,0,0.08458738,0.43988487
8698,2995698,2017-01-03 23:17:34,0,0.0030738134,0.45307273
8699,2995699,2017-01-03 23:17:51,1,0.0014979651,0.58785915
8700,2995700,2017-01-03 23:18:01,0,0.012668522,0.46099824
8701,2995701,2017-01-03 23:18:02,0,0.016116465,0.46317413
8702,2995702,2017-01-03 23:18:03,0,0.0027901584,0.47996828
8703,2995703,2017-01-03 23:18:29,0,0.0023332126,0.524102
8704,2995704,2017-01-03 23:18:30,0,0.0024922404,0.4711671
8705,2995705,2017-01-03 23:18:44,1,0.18445188,0.48646903
8706,2995706,2017-01-03 23:18:44,0,0.0014158976,0.4537751
8707,2995707,2017-01-03 23:19:06,1,0.0021833521,0.49640846
8708,2995708,2017-01-03 23:19:07,0,0.004357803,0.51424956
8709,2995709,2017-01-03 23:19:16,0,0.016988408,0.43119034
8710,2995710,2017-01-03 23:19:42,0,0.0013503709,0.5084315
8711,2995711,2017-01-03 23:19:44,1,0.007367799,0.4978328
8712,2995712,2017-01-03 23:19:57,0,0.0038609274,0.4422975
8713,2995713,2017-01-03 23:20:04,0,0.006459981,0.44276148
8714,2995714,2017-01-03 23:20:23,0,0.0029136369,0.43197912
8715,2995715,2017-01-03 23:20:28,1,0.007307823,0.57978517
8716,2995716,2017-01-03 23:21:03,0,0.01600127,0.46140307
8717,2995717,2017-01-03 23:22:31,0,0.0039211432,0.56332976
8718,2995718,2017-01-03 23:22:35,0,0.00011901848,0.4464424
8719,2995719,2017-01-03 23:22:49,0,0.005379123,0.47697464
8720,2995720,2017-01-03 23:22:59,0,0.008651401,0.4479844
8721,2995721,2017-01-03 23:23:42,0,0.00084119587,0.49462852
8722,2995722,2017-01-03 23:23:42,0,0.00052089774,0.4385287
8723,2995723,2017-01-03 23:24:00,0,6.2934254e-05,0.43193644
8724,2995724,2017-01-03 23:24:07,0,7.474915e-05,0.44314477
8725,2995725,2017-01-03 23:24:23,0,0.0011925271,0.43720022
8726,2995726,2017-01-03 23:24:26,0,0.00014069045,0.43172267
8727,2995727,2017-01-03 23:24:51,0,0.005358427,0.42925915
8728,2995728,2017-01-03 23:24:55,0,0.00073050056,0.43703565
8729,2995729,2017-01-03 23:25:24,0,0.056475576,0.44994703
8730,2995730,2017-01-03 23:25:53,0,0.0005866337,0.5070452
8731,2995731,2017-01-03 23:25:56,0,0.00024929622,0.44484743
8732,2995732,2017-01-03 23:26:02,0,0.0013709245,0.45642203
8733,2995733,2017-01-03 23:26:11,0,0.0033236125,0.46677008
8734,2995734,2017-01-03 23:26:12,0,0.00040601325,0.43850315
8735,2995735,2017-01-03 23:26:21,0,0.0005856759,0.45821667
8736,2995736,2017-01-03 23:26:27,0,0.012088895,0.4540547
8737,2995737,2017-01-03 23:26:34,0,0.00033489647,0.44956768
8738,2995738,2017-01-03 23:26:39,0,0.0017427903,0.44561452
8739,2995739,2017-01-03 23:26:40,0,0.0002578945,0.4571775
8740,2995740,2017-01-03 23:26:57,0,0.00024941747,0.4769898
8741,2995741,2017-01-03 23:27:23,0,0.0006613349,0.47216544
8742,2995742,2017-01-03 23:27:32,0,0.002228129,0.50388014
8743,2995743,2017-01-03 23:28:47,0,0.00026049622,0.43497443
8744,2995744,2017-01-03 23:28:54,0,0.001373762,0.44669282
8745,2995745,2017-01-03 23:29:10,0,0.0014250978,0.45353487
8746,2995746,2017-01-03 23:29:18,0,0.00026310256,0.44166803
8747,2995747,2017-01-03 23:29:20,0,0.0011996827,0.5033944
8748,2995748,2017-01-03 23:29:20,0,0.0020068514,0.5004577
8749,2995749,2017-01-03 23:29:29,0,0.00030841716,0.47088823
8750,2995750,2017-01-03 23:29:57,0,0.0012104316,0.4505604
8751,2995751,2017-01-03 23:30:09,0,0.0012021724,0.42514628
8752,2995752,2017-01-03 23:30:36,0,0.00016441669,0.44205695
8753,2995753,2017-01-03 23:30:38,0,0.0010431594,0.43887392
8754,2995754,2017-01-03 23:30:59,0,0.0005935342,0.53516424
8755,2995755,2017-01-03 23:31:08,0,0.0018043726,0.4381367
8756,2995756,2017-01-03 23:32:22,0,0.0024273898,0.46483234
8757,2995757,2017-01-03 23:32:26,0,0.0031762908,0.59160835
8758,2995758,2017-01-03 23:32:30,0,0.0011365485,0.45034385
8759,2995759,2017-01-03 23:33:23,0,0.012405282,0.45027408
8760,2995760,2017-01-03 23:33:26,0,0.0015745889,0.50288445
8761,2995761,2017-01-03 23:33:39,0,0.0036516625,0.44412687
8762,2995762,2017-01-03 23:33:49,0,0.00019934976,0.45916688
8763,2995763,2017-01-03 23:33:50,0,0.00065612356,0.48657233
8764,2995764,2017-01-03 23:33:54,0,0.0009069528,0.588492
8765,2995765,2017-01-03 23:33:59,0,0.001496825,0.4362867
8766,2995766,2017-01-03 23:34:00,0,0.0003308538,0.531078
8767,2995767,2017-01-03 23:34:34,0,0.00033011526,0.45195317
8768,2995768,2017-01-03 23:35:01,0,0.06564138,0.46738836
8769,2995769,2017-01-03 23:35:03,1,0.016343348,0.46359885
8770,2995770,2017-01-03 23:35:14,0,0.00031793438,0.4945677
8771,2995771,2017-01-03 23:36:03,0,0.0015861108,0.44882268
8772,2995772,2017-01-03 23:36:19,0,0.0013144065,0.43428394
8773,2995773,2017-01-03 23:36:21,0,0.002659717,0.46180174
8774,2995774,2017-01-03 23:37:12,0,5.0840892e-05,0.4407704
8775,2995775,2017-01-03 23:37:13,1,0.0007578261,0.48660326
8776,2995776,2017-01-03 23:37:29,0,0.0003001261,0.44110963
8777,2995777,2017-01-03 23:37:49,1,0.003582147,0.48515373
8778,2995778,2017-01-03 23:38:00,0,0.0027159243,0.46169838
8779,2995779,2017-01-03 23:38:01,0,0.00037565661,0.46594805
8780,2995780,2017-01-03 23:38:01,0,0.0007307126,0.4649219
8781,2995781,2017-01-03 23:38:07,0,0.010120571,0.4850901
8782,2995782,2017-01-03 23:38:08,0,0.0037394948,0.47835368
8783,2995783,2017-01-03 23:38:21,1,0.0058231554,0.48342973
8784,2995784,2017-01-03 23:39:28,0,0.0004945921,0.58652234
8785,2995785,2017-01-03 23:39:31,0,0.00031299604,0.44783667
8786,2995786,2017-01-03 23:39:56,0,0.0010958716,0.47003135
8787,2995787,2017-01-03 23:40:15,0,0.0024336015,0.4444929
8788,2995788,2017-01-03 23:40:25,0,0.000110900764,0.4383362
8789,2995789,2017-01-03 23:40:34,0,0.010312368,0.43901688
8790,2995790,2017-01-03 23:40:38,0,0.0009466025,0.4522228
8791,2995791,2017-01-03 23:40:57,0,0.0014157918,0.44095072
8792,2995792,2017-01-03 23:41:00,1,0.0043904246,0.4790408
8793,2995793,2017-01-03 23:41:09,1,0.0018058977,0.46229026
8794,2995794,2017-01-03 23:41:24,0,0.00013428922,0.43651003
8795,2995795,2017-01-03 23:41:37,0,0.0007515645,0.45052162
8796,2995796,2017-01-03 23:41:43,0,0.00018723618,0.45737237
8797,2995797,2017-01-03 23:41:57,0,0.00025889697,0.4542399
8798,2995798,2017-01-03 23:42:15,0,0.0020093399,0.4746219
8799,2995799,2017-01-03 23:42:25,0,0.0026858095,0.45190746
8800,2995800,2017-01-03 23:42:35,0,0.00072804483,0.43100822
8801,2995801,2017-01-03 23:42:47,1,0.0017879793,0.47868592
8802,2995802,2017-01-03 23:42:49,0,0.0017019655,0.45201343
8803,2995803,2017-01-03 23:42:52,0,0.00020124849,0.56647533
8804,2995804,2017-01-03 23:42:55,0,5.6934026e-05,0.425827
8805,2995805,2017-01-03 23:42:55,0,0.006689606,0.43915477
8806,2995806,2017-01-03 23:42:56,0,0.002876344,0.51095325
8807,2995807,2017-01-03 23:43:18,0,0.00067791843,0.45046908
8808,2995808,2017-01-03 23:43:18,0,0.00093565945,0.45031255
8809,2995809,2017-01-03 23:43:19,0,0.009908364,0.46528518
8810,2995810,2017-01-03 23:43:37,0,0.009711567,0.43193376
8811,2995811,2017-01-03 23:43:45,0,0.0010145887,0.5717159
8812,2995812,2017-01-03 23:43:57,0,0.0019544808,0.44746518
8813,2995813,2017-01-03 23:44:13,0,0.0098128235,0.432041
8814,2995814,2017-01-03 23:44:46,0,0.0028545328,0.43735686
8815,2995815,2017-01-03 23:44:54,0,0.014124844,0.47659203
8816,2995816,2017-01-03 23:45:12,0,0.0043079862,0.5157873
8817,2995817,2017-01-03 23:45:24,0,0.00023830666,0.45614755
8818,2995818,2017-01-03 23:45:34,0,0.009622072,0.44852006
8819,2995819,2017-01-03 23:45:51,0,0.0015286367,0.47423756
8820,2995820,2017-01-03 23:46:08,0,0.0001950834,0.43640554
8821,2995821,2017-01-03 23:46:39,0,0.0022373057,0.4432478
8822,2995822,2017-01-03 23:46:43,0,0.0001409527,0.43522164
8823,2995823,2017-01-03 23:47:13,0,0.0001922363,0.47098967
8824,2995824,2017-01-03 23:47:49,0,0.0003428367,0.5205654
8825,2995825,2017-01-03 23:47:59,0,0.0018430708,0.46422783
8826,2995826,2017-01-03 23:48:06,0,0.0009063554,0.44796386
8827,2995827,2017-01-03 23:48:06,0,0.004995847,0.44507444
8828,2995828,2017-01-03 23:48:26,0,0.00039479576,0.45207617
8829,2995829,2017-01-03 23:48:29,0,0.00012012858,0.4532639
8830,2995830,2017-01-03 23:49:05,0,0.0011045408,0.45573032
8831,2995831,2017-01-03 23:49:12,0,0.00069882214,0.46190628
8832,2995832,2017-01-03 23:49:18,0,0.00047092314,0.56217307
8833,2995833,2017-01-03 23:50:44,0,0.0017916544,0.46536407
8834,2995834,2017-01-03 23:51:00,0,0.00076911855,0.4871104
8835,2995835,2017-01-03 23:51:16,0,0.0004052229,0.49127355
8836,2995836,2017-01-03 23:51:39,0,0.048511673,0.42814806
8837,2995837,2017-01-03 23:51:39,0,0.0011773098,0.45115304
8838,2995838,2017-01-03 23:52:09,0,0.0006088237,0.491802
8839,2995839,2017-01-03 23:52:21,0,0.0017503152,0.47772053
8840,2995840,2017-01-03 23:52:57,0,0.00036344887,0.58328515
8841,2995841,2017-01-03 23:54:09,0,0.0019518269,0.460274
8842,2995842,2017-01-03 23:55:02,0,6.871679e-05,0.44898555
8843,2995843,2017-01-03 23:56:10,0,0.004074756,0.42668018
8844,2995844,2017-01-03 23:56:20,0,0.000121479556,0.5364386
8845,2995845,2017-01-03 23:57:00,0,0.0025073136,0.45006135
8846,2995846,2017-01-03 23:57:15,0,0.0032017666,0.45133948
8847,2995847,2017-01-03 23:57:41,0,0.00065862713,0.46119156
8848,2995848,2017-01-03 23:57:52,0,0.00065524655,0.5097167
8849,2995849,2017-01-03 23:58:10,0,0.00041870706,0.44520292
8850,2995850,2017-01-03 23:58:55,0,0.00048077042,0.44622993
8851,2995851,2017-01-03 23:59:38,0,0.0006506485,0.4565814
8852,2995852,2017-01-04 00:00:00,0,0.00049743534,0.44975263
8853,2995853,2017-01-04 00:00:02,0,0.00027459732,0.46219325
8854,2995854,2017-01-04 00:00:03,0,0.0028233859,0.4457155
8855,2995855,2017-01-04 00:00:24,0,0.007765205,0.4586091
8856,2995856,2017-01-04 00:00:39,0,0.0023844163,0.49752766
8857,2995857,2017-01-04 00:00:42,0,0.0021986084,0.46525794
8858,2995858,2017-01-04 00:00:53,0,0.0010474379,0.53923905
8859,2995859,2017-01-04 00:00:56,0,0.00084956456,0.46881554
8860,2995860,2017-01-04 00:01:25,0,0.00060871843,0.44039893
8861,2995861,2017-01-04 00:01:27,0,0.00024441638,0.48949066
8862,2995862,2017-01-04 00:01:36,1,0.0003463497,0.45474115
8863,2995863,2017-01-04 00:01:44,0,0.00070325425,0.4739768
8864,2995864,2017-01-04 00:02:09,0,0.0019547066,0.485606
8865,2995865,2017-01-04 00:02:18,0,0.0007455976,0.45089737
8866,2995866,2017-01-04 00:02:33,0,0.00024705497,0.44109005
8867,2995867,2017-01-04 00:02:39,0,7.5446806e-05,0.46248314
8868,2995868,2017-01-04 00:02:49,0,0.0007736311,0.45674103
8869,2995869,2017-01-04 00:04:33,0,0.001720901,0.4410612
8870,2995870,2017-01-04 00:04:37,0,0.00036825702,0.43966636
8871,2995871,2017-01-04 00:05:01,0,0.0003218677,0.4582477
8872,2995872,2017-01-04 00:05:15,0,0.0003034669,0.44431418
8873,2995873,2017-01-04 00:05:40,0,0.00030410144,0.43825772
8874,2995874,2017-01-04 00:05:48,0,0.00040571223,0.45816526
8875,2995875,2017-01-04 00:06:04,0,0.0027873497,0.4331284
8876,2995876,2017-01-04 00:06:19,0,0.0014057583,0.5002842
8877,2995877,2017-01-04 00:06:45,0,0.0008802329,0.5540508
8878,2995878,2017-01-04 00:07:11,0,0.00409865,0.4815895
8879,2995879,2017-01-04 00:07:15,0,2.0668254e-05,0.44760245
8880,2995880,2017-01-04 00:07:22,0,0.0010194392,0.4490893
8881,2995881,2017-01-04 00:08:14,0,9.45944e-05,0.51012355
8882,2995882,2017-01-04 00:08:24,0,0.00032103198,0.45056814
8883,2995883,2017-01-04 00:10:02,0,0.00039227563,0.44934785
8884,2995884,2017-01-04 00:10:40,0,0.000110272595,0.5022481
8885,2995885,2017-01-04 00:10:41,0,0.0007212046,0.43670097
8886,2995886,2017-01-04 00:10:46,0,0.0031795173,0.45892593
8887,2995887,2017-01-04 00:11:12,0,0.0047610304,0.44609633
8888,2995888,2017-01-04 00:11:17,0,0.00033263757,0.4357859
8889,2995889,2017-01-04 00:11:31,0,0.00060855015,0.46095827
8890,2995890,2017-01-04 00:11:48,0,0.00033756098,0.45467508
8891,2995891,2017-01-04 00:12:26,0,0.00058016606,0.4475885
8892,2995892,2017-01-04 00:12:32,0,0.0014003549,0.453001
8893,2995893,2017-01-04 00:12:33,0,0.00052078377,0.45067284
8894,2995894,2017-01-04 00:12:35,0,0.0002275967,0.43133932
8895,2995895,2017-01-04 00:13:16,0,5.0086233e-05,0.43317312
8896,2995896,2017-01-04 00:13:32,0,9.545514e-05,0.4295623
8897,2995897,2017-01-04 00:14:20,0,0.0001739668,0.44654107
8898,2995898,2017-01-04 00:14:25,0,0.00033883372,0.43212318
8899,2995899,2017-01-04 00:14:28,0,0.0023972988,0.46303388
8900,2995900,2017-01-04 00:14:36,0,0.00056852144,0.48654488
8901,2995901,2017-01-04 00:14:52,0,0.0047145616,0.4450595
8902,2995902,2017-01-04 00:15:16,0,8.2844424e-05,0.535763
8903,2995903,2017-01-04 00:15:21,0,0.0008858779,0.5308455
8904,2995904,2017-01-04 00:15:28,0,0.0010316506,0.47466424
8905,2995905,2017-01-04 00:15:30,0,0.003587473,0.46829993
8906,2995906,2017-01-04 00:16:27,0,0.0020974274,0.44875032
8907,2995907,2017-01-04 00:16:28,0,0.00029718538,0.49914157
8908,2995908,2017-01-04 00:16:55,0,0.00011152178,0.46318275
8909,2995909,2017-01-04 00:17:15,0,0.001139991,0.45234188
8910,2995910,2017-01-04 00:17:26,0,0.0016921278,0.47102958
8911,2995911,2017-01-04 00:17:33,0,0.00018371484,0.45632312
8912,2995912,2017-01-04 00:18:45,0,0.0006562402,0.46918148
8913,2995913,2017-01-04 00:19:27,0,0.023099119,0.44199973
8914,2995914,2017-01-04 00:19:30,0,0.010151017,0.45629314
8915,2995915,2017-01-04 00:19:54,0,0.004480372,0.456866
8916,2995916,2017-01-04 00:19:54,0,0.0048894226,0.4548559
8917,2995917,2017-01-04 00:20:03,0,0.00016267513,0.48014316
8918,2995918,2017-01-04 00:20:43,0,0.00026578744,0.48137996
8919,2995919,2017-01-04 00:21:15,0,0.0010091426,0.48082986
8920,2995920,2017-01-04 00:21:21,0,0.00016148035,0.44655344
8921,2995921,2017-01-04 00:21:29,0,0.00018817006,0.46593496
8922,2995922,2017-01-04 00:21:36,0,0.00224415,0.4471923
8923,2995923,2017-01-04 00:21:57,0,0.0010065449,0.49478835
8924,2995924,2017-01-04 00:22:00,0,0.00037508534,0.44344038
8925,2995925,2017-01-04 00:22:00,0,9.797301e-05,0.45454293
8926,2995926,2017-01-04 00:22:34,0,0.0028088347,0.4486592
8927,2995927,2017-01-04 00:22:50,0,0.00040656593,0.44348747
8928,2995928,2017-01-04 00:23:31,0,0.0016106955,0.48110068
8929,2995929,2017-01-04 00:24:07,0,0.0015821613,0.44925418
8930,2995930,2017-01-04 00:24:08,0,3.8216098e-05,0.43298697
8931,2995931,2017-01-04 00:24:20,0,0.0022322384,0.46332967
8932,2995932,2017-01-04 00:24:40,0,0.0011181878,0.45184192
8933,2995933,2017-01-04 00:24:52,0,0.0019602578,0.45990613
8934,2995934,2017-01-04 00:25:29,0,0.00053071236,0.4708044
8935,2995935,2017-01-04 00:25:38,0,0.0044307564,0.43550855
8936,2995936,2017-01-04 00:25:40,1,0.00016653507,0.43353727
8937,2995937,2017-01-04 00:25:43,0,0.0046247724,0.48031217
8938,2995938,2017-01-04 00:26:15,0,0.00037742255,0.43703678
8939,2995939,2017-01-04 00:26:15,0,0.00021061901,0.44359168
8940,2995940,2017-01-04 00:26:42,0,0.008940705,0.4342292
8941,2995941,2017-01-04 00:26:43,0,0.00016087115,0.48171356
8942,2995942,2017-01-04 00:27:44,0,8.5100495e-05,0.56237817
8943,2995943,2017-01-04 00:28:11,0,0.00032620618,0.44219714
8944,2995944,2017-01-04 00:28:35,0,0.00037163583,0.48436457
8945,2995945,2017-01-04 00:29:42,0,0.0010908004,0.46282393
8946,2995946,2017-01-04 00:29:45,0,0.0005667693,0.45259297
8947,2995947,2017-01-04 00:29:58,0,0.0019143532,0.45031565
8948,2995948,2017-01-04 00:30:22,0,0.00049460185,0.4671308
8949,2995949,2017-01-04 00:31:24,0,0.00020627904,0.44247705
8950,2995950,2017-01-04 00:31:43,0,4.0626994e-05,0.5054497
8951,2995951,2017-01-04 00:31:56,0,0.011240002,0.47924584
8952,2995952,2017-01-04 00:31:57,0,0.0013549681,0.5478401
8953,2995953,2017-01-04 00:32:11,0,0.0011744178,0.5203302
8954,2995954,2017-01-04 00:32:54,0,0.00013682457,0.45933142
8955,2995955,2017-01-04 00:33:24,0,0.0039767358,0.4579317
8956,2995956,2017-01-04 00:34:06,0,0.00014700627,0.44295597
8957,2995957,2017-01-04 00:34:24,0,0.002122125,0.46166277
8958,2995958,2017-01-04 00:34:30,0,0.0010802478,0.45939752
8959,2995959,2017-01-04 00:35:36,0,0.022013322,0.5305522
8960,2995960,2017-01-04 00:35:38,0,0.00028624485,0.45805523
8961,2995961,2017-01-04 00:35:38,0,0.00046796282,0.4596
8962,2995962,2017-01-04 00:36:36,0,0.0038998558,0.44695076
8963,2995963,2017-01-04 00:36:40,0,0.0010900446,0.4513436
8964,2995964,2017-01-04 00:37:26,0,0.00032517378,0.49918523
8965,2995965,2017-01-04 00:37:27,0,0.00014334022,0.46940315
8966,2995966,2017-01-04 00:37:35,0,0.05836361,0.44584897
8967,2995967,2017-01-04 00:37:38,0,0.0002788122,0.48259997
8968,2995968,2017-01-04 00:37:46,0,0.0044133766,0.4343251
8969,2995969,2017-01-04 00:37:56,0,0.0008690643,0.46470255
8970,2995970,2017-01-04 00:38:09,0,0.0028203267,0.4903446
8971,2995971,2017-01-04 00:38:55,0,0.0008386912,0.4757346
8972,2995972,2017-01-04 00:38:56,0,0.00066695333,0.4914178
8973,2995973,2017-01-04 00:39:00,0,0.0006921976,0.54199857
8974,2995974,2017-01-04 00:39:01,0,0.0032200348,0.45219874
8975,2995975,2017-01-04 00:39:06,0,0.00022477955,0.45473
8976,2995976,2017-01-04 00:39:15,1,0.0038574482,0.50868374
8977,2995977,2017-01-04 00:39:20,0,0.0013828829,0.45342186
8978,2995978,2017-01-04 00:39:27,0,0.00045772156,0.45304048
8979,2995979,2017-01-04 00:39:58,1,0.0044825166,0.49626186
8980,2995980,2017-01-04 00:40:07,0,0.008859573,0.5053446
8981,2995981,2017-01-04 00:40:12,0,0.0009023375,0.5614289
8982,2995982,2017-01-04 00:40:34,0,0.005051807,0.4498848
8983,2995983,2017-01-04 00:40:44,0,0.0033961812,0.4566207
8984,2995984,2017-01-04 00:40:48,0,0.00024518638,0.4519938
8985,2995985,2017-01-04 00:40:51,0,0.00048319437,0.4639183
8986,2995986,2017-01-04 00:40:54,0,0.00046587404,0.4432628
8987,2995987,2017-01-04 00:40:58,0,0.0020306082,0.449176
8988,2995988,2017-01-04 00:41:19,0,0.005770866,0.44707692
8989,2995989,2017-01-04 00:41:55,0,0.00065407547,0.43386787
8990,2995990,2017-01-04 00:42:18,0,0.00058585784,0.45090473
8991,2995991,2017-01-04 00:42:18,0,0.0012906914,0.42764935
8992,2995992,2017-01-04 00:43:00,0,0.009263014,0.4641892
8993,2995993,2017-01-04 00:43:03,0,0.003916198,0.46356136
8994,2995994,2017-01-04 00:43:03,0,0.0009443316,0.43614304
8995,2995995,2017-01-04 00:43:19,0,0.0011294499,0.44042242
8996,2995996,2017-01-04 00:43:46,0,0.0009531185,0.43440768
8997,2995997,2017-01-04 00:43:56,0,0.0017478248,0.46564728
8998,2995998,2017-01-04 00:45:01,0,0.0059711332,0.45401224
8999,2995999,2017-01-04 00:45:07,0,0.008104096,0.49557734
9000,2996000,2017-01-04 00:45:17,0,0.00031326534,0.55343395
9001,2996001,2017-01-04 00:45:24,0,0.0017202932,0.43052128
9002,2996002,2017-01-04 00:45:32,0,0.0010981592,0.45717666
9003,2996003,2017-01-04 00:45:34,0,0.0010403234,0.4350781
9004,2996004,2017-01-04 00:45:49,0,0.0064079277,0.47354922
9005,2996005,2017-01-04 00:46:12,0,0.002251514,0.44762677
9006,2996006,2017-01-04 00:46:21,0,0.0035709194,0.46570924
9007,2996007,2017-01-04 00:46:44,0,0.00047500004,0.4987442
9008,2996008,2017-01-04 00:46:51,0,0.0784911,0.43347338
9009,2996009,2017-01-04 00:47:13,0,0.009084372,0.44338593
9010,2996010,2017-01-04 00:47:14,0,0.0016001337,0.47748673
9011,2996011,2017-01-04 00:47:26,0,0.0033230293,0.44112965
9012,2996012,2017-01-04 00:47:38,0,0.006109622,0.46021673
9013,2996013,2017-01-04 00:47:43,0,0.0010290291,0.43893096
9014,2996014,2017-01-04 00:47:44,0,0.00905924,0.47079054
9015,2996015,2017-01-04 00:48:06,0,0.0016753401,0.5415416
9016,2996016,2017-01-04 00:48:18,1,0.0029731577,0.4702057
9017,2996017,2017-01-04 00:48:31,0,0.008814312,0.4511726
9018,2996018,2017-01-04 00:48:31,0,0.05659216,0.44360992
9019,2996019,2017-01-04 00:48:42,0,0.0031362234,0.47438505
9020,2996020,2017-01-04 00:49:09,0,0.0027113056,0.44376552
9021,2996021,2017-01-04 00:49:13,0,0.023672665,0.44640002
9022,2996022,2017-01-04 00:49:32,0,0.014793676,0.44824666
9023,2996023,2017-01-04 00:49:38,0,0.01102858,0.48197183
9024,2996024,2017-01-04 00:49:57,0,0.12608804,0.47146633
9025,2996025,2017-01-04 00:50:39,0,0.0052328142,0.4828573
9026,2996026,2017-01-04 00:50:39,0,0.0015087612,0.46293
9027,2996027,2017-01-04 00:51:02,0,0.00038528873,0.46533835
9028,2996028,2017-01-04 00:52:15,0,0.008497544,0.446698
9029,2996029,2017-01-04 00:52:28,0,0.0032903182,0.45548454
9030,2996030,2017-01-04 00:53:13,0,0.0245805,0.4594494
9031,2996031,2017-01-04 00:53:27,0,0.0022381255,0.45679444
9032,2996032,2017-01-04 00:53:40,0,0.0025356563,0.4657415
9033,2996033,2017-01-04 00:53:59,0,0.0009185974,0.45833015
9034,2996034,2017-01-04 00:54:00,0,0.20763889,0.4673175
9035,2996035,2017-01-04 00:54:12,0,0.020634726,0.47286266
9036,2996036,2017-01-04 00:54:26,0,0.021737183,0.464099
9037,2996037,2017-01-04 00:54:28,0,0.0035765741,0.4535314
9038,2996038,2017-01-04 00:54:28,0,0.018184597,0.45991173
9039,2996039,2017-01-04 00:54:30,0,0.0014888126,0.45635906
9040,2996040,2017-01-04 00:55:32,0,0.009277515,0.461662
9041,2996041,2017-01-04 00:55:44,1,0.0062711774,0.44985074
9042,2996042,2017-01-04 00:55:45,0,0.0028010588,0.50554615
9043,2996043,2017-01-04 00:56:23,0,0.0030797676,0.44198918
9044,2996044,2017-01-04 00:56:39,0,0.008329044,0.44820708
9045,2996045,2017-01-04 00:56:44,0,0.006399151,0.48020676
9046,2996046,2017-01-04 00:56:52,0,0.0023470502,0.5484102
9047,2996047,2017-01-04 00:56:56,0,0.00082659506,0.4428817
9048,2996048,2017-01-04 00:57:40,0,0.00041048348,0.44785184
9049,2996049,2017-01-04 00:57:46,0,0.003438571,0.49172354
9050,2996050,2017-01-04 00:57:46,0,0.0044705183,0.46243006
9051,2996051,2017-01-04 00:59:53,0,0.0003474647,0.47397316
9052,2996052,2017-01-04 01:00:13,0,0.0016113045,0.49595895
9053,2996053,2017-01-04 01:00:27,0,0.0075106206,0.45486745
9054,2996054,2017-01-04 01:01:18,0,0.020563686,0.44708234
9055,2996055,2017-01-04 01:01:20,0,0.00033556248,0.43949383
9056,2996056,2017-01-04 01:01:20,0,0.00023098744,0.49066964
9057,2996057,2017-01-04 01:01:24,0,0.0008587021,0.4670992
9058,2996058,2017-01-04 01:01:25,0,0.00069894735,0.46117097
9059,2996059,2017-01-04 01:01:45,0,0.0021964784,0.465739
9060,2996060,2017-01-04 01:01:52,0,0.03865341,0.44037244
9061,2996061,2017-01-04 01:02:12,0,0.021018496,0.44813257
9062,2996062,2017-01-04 01:02:19,0,0.009184937,0.44725645
9063,2996063,2017-01-04 01:02:22,0,0.0019851811,0.4969164
9064,2996064,2017-01-04 01:02:38,0,0.004526102,0.46933404
9065,2996065,2017-01-04 01:03:04,0,0.025081545,0.44632605
9066,2996066,2017-01-04 01:03:13,0,0.005008561,0.44675863
9067,2996067,2017-01-04 01:03:45,0,0.004403141,0.45559895
9068,2996068,2017-01-04 01:04:01,0,0.0011175057,0.51272666
9069,2996069,2017-01-04 01:04:18,0,0.0009428909,0.48095548
9070,2996070,2017-01-04 01:04:36,0,0.022100264,0.48812404
9071,2996071,2017-01-04 01:04:53,0,0.0013112582,0.44440427
9072,2996072,2017-01-04 01:04:57,0,0.00051925564,0.44087037
9073,2996073,2017-01-04 01:05:18,0,0.011853306,0.4428787
9074,2996074,2017-01-04 01:05:36,0,0.0028777446,0.47248045
9075,2996075,2017-01-04 01:05:38,0,0.008366137,0.53239024
9076,2996076,2017-01-04 01:05:39,0,0.023897188,0.4508508
9077,2996077,2017-01-04 01:05:48,0,0.00043121737,0.49339762
9078,2996078,2017-01-04 01:05:54,0,0.00062087516,0.4861467
9079,2996079,2017-01-04 01:05:56,0,0.00031531212,0.44625872
9080,2996080,2017-01-04 01:06:05,0,0.0018685643,0.43264887
9081,2996081,2017-01-04 01:06:24,0,0.00040524395,0.467491
9082,2996082,2017-01-04 01:06:47,0,0.0009142482,0.46566647
9083,2996083,2017-01-04 01:07:06,0,0.0004450258,0.5113874
9084,2996084,2017-01-04 01:07:07,0,0.0045253183,0.45025513
9085,2996085,2017-01-04 01:07:20,0,0.002077142,0.4613287
9086,2996086,2017-01-04 01:07:28,0,0.003976704,0.500111
9087,2996087,2017-01-04 01:07:48,0,0.032028545,0.4592063
9088,2996088,2017-01-04 01:07:50,0,0.00048007022,0.4409868
9089,2996089,2017-01-04 01:08:19,0,0.01972104,0.4942744
9090,2996090,2017-01-04 01:08:26,0,0.0003551089,0.43190876
9091,2996091,2017-01-04 01:08:44,0,0.007472018,0.4527701
9092,2996092,2017-01-04 01:08:48,0,0.009260722,0.4465958
9093,2996093,2017-01-04 01:08:49,0,0.0015796609,0.43676007
9094,2996094,2017-01-04 01:08:56,0,0.0009338639,0.4790084
9095,2996095,2017-01-04 01:09:03,0,0.0016434368,0.5216465
9096,2996096,2017-01-04 01:09:21,0,0.005897755,0.4677688
9097,2996097,2017-01-04 01:09:35,0,0.007970934,0.4625823
9098,2996098,2017-01-04 01:09:41,0,0.0015501966,0.45350617
9099,2996099,2017-01-04 01:10:25,0,0.0067436863,0.4558923
9100,2996100,2017-01-04 01:10:31,0,0.00059549505,0.46413592
9101,2996101,2017-01-04 01:10:41,0,0.0014255552,0.44760403
9102,2996102,2017-01-04 01:10:58,0,0.026105309,0.4561413
9103,2996103,2017-01-04 01:11:23,0,0.0011876118,0.4479209
9104,2996104,2017-01-04 01:11:25,0,0.01230406,0.44782835
9105,2996105,2017-01-04 01:11:32,0,0.00014432495,0.49455202
9106,2996106,2017-01-04 01:11:45,0,0.0063556186,0.45314875
9107,2996107,2017-01-04 01:12:00,0,0.00018848809,0.4574444
9108,2996108,2017-01-04 01:12:15,0,0.007085068,0.45529953
9109,2996109,2017-01-04 01:12:20,0,0.0016894257,0.4780144
9110,2996110,2017-01-04 01:12:28,0,0.06625181,0.43448153
9111,2996111,2017-01-04 01:13:47,0,0.005968688,0.43536574
9112,2996112,2017-01-04 01:13:50,0,0.0072348183,0.47097102
9113,2996113,2017-01-04 01:14:12,0,0.0018313976,0.45941344
9114,2996114,2017-01-04 01:14:16,0,0.014660355,0.4560957
9115,2996115,2017-01-04 01:14:34,0,0.015346516,0.44069406
9116,2996116,2017-01-04 01:14:36,0,4.66517e-05,0.44233894
9117,2996117,2017-01-04 01:15:08,0,0.009467331,0.4684218
9118,2996118,2017-01-04 01:15:15,0,0.0026905278,0.46549723
9119,2996119,2017-01-04 01:15:18,0,0.0021260616,0.4525801
9120,2996120,2017-01-04 01:15:52,0,0.08980873,0.44353783
9121,2996121,2017-01-04 01:15:58,0,0.00016287224,0.4434885
9122,2996122,2017-01-04 01:16:15,0,0.0121735195,0.44674197
9123,2996123,2017-01-04 01:16:24,0,0.002307796,0.53692526
9124,2996124,2017-01-04 01:16:29,0,0.0061888183,0.45931906
9125,2996125,2017-01-04 01:16:55,0,0.0016944805,0.5031026
9126,2996126,2017-01-04 01:17:51,0,0.0023347393,0.4557583
9127,2996127,2017-01-04 01:18:02,0,0.0013756467,0.43900916
9128,2996128,2017-01-04 01:18:10,0,0.008854918,0.45827878
9129,2996129,2017-01-04 01:18:12,0,0.007025833,0.4460358
9130,2996130,2017-01-04 01:18:19,0,0.0014085183,0.4462658
9131,2996131,2017-01-04 01:18:34,0,0.027350467,0.44209823
9132,2996132,2017-01-04 01:18:38,0,0.009317343,0.43520367
9133,2996133,2017-01-04 01:18:40,0,0.0023905844,0.4479268
9134,2996134,2017-01-04 01:18:44,0,0.0043049706,0.46939096
9135,2996135,2017-01-04 01:18:46,0,0.0006978502,0.4495017
9136,2996136,2017-01-04 01:19:08,0,0.045097206,0.42986652
9137,2996137,2017-01-04 01:19:09,0,0.0002590046,0.4780956
9138,2996138,2017-01-04 01:19:10,0,9.771261e-05,0.4484815
9139,2996139,2017-01-04 01:19:56,0,0.017612135,0.4696485
9140,2996140,2017-01-04 01:20:12,0,0.014086455,0.47226655
9141,2996141,2017-01-04 01:20:35,0,0.00795806,0.44302988
9142,2996142,2017-01-04 01:20:41,0,0.00060654467,0.4637628
9143,2996143,2017-01-04 01:20:45,0,0.010640888,0.44646645
9144,2996144,2017-01-04 01:20:55,1,0.002921506,0.46555442
9145,2996145,2017-01-04 01:21:00,0,6.700625e-05,0.50737965
9146,2996146,2017-01-04 01:21:09,0,8.709459e-05,0.44717577
9147,2996147,2017-01-04 01:21:15,0,0.026619047,0.51542646
9148,2996148,2017-01-04 01:21:17,0,9.7353884e-05,0.48123387
9149,2996149,2017-01-04 01:21:42,0,0.00016478034,0.43113622
9150,2996150,2017-01-04 01:21:55,0,0.00037387278,0.49058378
9151,2996151,2017-01-04 01:22:11,0,0.0018349846,0.4676599
9152,2996152,2017-01-04 01:22:17,0,0.006057861,0.45397294
9153,2996153,2017-01-04 01:22:20,0,0.00015511113,0.44831374
9154,2996154,2017-01-04 01:22:48,0,0.034348037,0.46962926
9155,2996155,2017-01-04 01:22:51,0,0.00065503584,0.45454836
9156,2996156,2017-01-04 01:23:39,0,0.005993832,0.45551378
9157,2996157,2017-01-04 01:23:43,0,0.0012540432,0.5291305
9158,2996158,2017-01-04 01:23:54,0,0.0025037073,0.47340703
9159,2996159,2017-01-04 01:23:55,0,0.001902198,0.45908254
9160,2996160,2017-01-04 01:24:09,0,0.00021719084,0.42884523
9161,2996161,2017-01-04 01:24:15,0,0.0011278818,0.47045997
9162,2996162,2017-01-04 01:24:23,0,0.010377731,0.43235996
9163,2996163,2017-01-04 01:24:51,0,0.00027991194,0.4863855
9164,2996164,2017-01-04 01:25:41,0,8.846466e-05,0.4556922
9165,2996165,2017-01-04 01:25:51,0,0.00014650433,0.45613912
9166,2996166,2017-01-04 01:26:20,0,0.0025171177,0.579939
9167,2996167,2017-01-04 01:26:25,0,0.00030927075,0.45436448
9168,2996168,2017-01-04 01:26:37,0,0.0020649543,0.4624451
9169,2996169,2017-01-04 01:26:57,0,0.0017536525,0.45637256
9170,2996170,2017-01-04 01:27:10,0,0.0013656145,0.47797716
9171,2996171,2017-01-04 01:27:50,0,0.0008806108,0.51974624
9172,2996172,2017-01-04 01:28:07,0,0.0014005029,0.4428975
9173,2996173,2017-01-04 01:28:39,0,0.0008406049,0.45123586
9174,2996174,2017-01-04 01:28:45,0,0.00052765664,0.46392575
9175,2996175,2017-01-04 01:28:55,0,0.0019135162,0.47094068
9176,2996176,2017-01-04 01:28:58,0,0.00018305249,0.49060225
9177,2996177,2017-01-04 01:29:08,0,0.0068770065,0.43757117
9178,2996178,2017-01-04 01:29:09,0,0.0011719369,0.45314756
9179,2996179,2017-01-04 01:29:12,0,0.00029072518,0.46520224
9180,2996180,2017-01-04 01:29:23,0,0.00046679692,0.4565519
9181,2996181,2017-01-04 01:29:27,0,0.0040124576,0.47127852
9182,2996182,2017-01-04 01:29:50,0,0.0021801384,0.4559838
9183,2996183,2017-01-04 01:30:23,0,0.0018386514,0.45846078
9184,2996184,2017-01-04 01:30:44,0,0.0015678171,0.47795328
9185,2996185,2017-01-04 01:31:07,0,0.0015255235,0.47664908
9186,2996186,2017-01-04 01:31:37,0,0.0014131152,0.49260956
9187,2996187,2017-01-04 01:31:54,0,0.002239262,0.46051234
9188,2996188,2017-01-04 01:31:56,0,0.007550842,0.42951754
9189,2996189,2017-01-04 01:31:57,0,0.0006128267,0.5164446
9190,2996190,2017-01-04 01:32:01,0,0.008234895,0.46747193
9191,2996191,2017-01-04 01:32:02,0,0.0019439298,0.48116878
9192,2996192,2017-01-04 01:32:24,0,0.0040260004,0.44914195
9193,2996193,2017-01-04 01:33:30,0,8.102788e-05,0.44401544
9194,2996194,2017-01-04 01:33:37,0,0.0010083603,0.48940966
9195,2996195,2017-01-04 01:33:49,0,0.03871739,0.44698274
9196,2996196,2017-01-04 01:33:54,0,0.018984891,0.45847115
9197,2996197,2017-01-04 01:33:56,0,0.00022893018,0.47539538
9198,2996198,2017-01-04 01:34:04,0,0.00029819747,0.49845567
9199,2996199,2017-01-04 01:34:14,0,0.000259543,0.45015472
9200,2996200,2017-01-04 01:34:23,0,0.0009995793,0.5294895
9201,2996201,2017-01-04 01:34:37,0,0.015202521,0.4668718
9202,2996202,2017-01-04 01:34:57,0,0.0011130474,0.4668121
9203,2996203,2017-01-04 01:34:57,0,0.00028657145,0.4758862
9204,2996204,2017-01-04 01:35:36,0,0.0003705579,0.4346631
9205,2996205,2017-01-04 01:35:56,0,0.00025566787,0.44877988
9206,2996206,2017-01-04 01:36:21,0,0.0006918395,0.4721649
9207,2996207,2017-01-04 01:36:28,0,0.018668965,0.45628688
9208,2996208,2017-01-04 01:37:25,0,0.0013349869,0.48093182
9209,2996209,2017-01-04 01:37:37,0,0.15633008,0.44131002
9210,2996210,2017-01-04 01:37:39,0,0.0009965721,0.4521606
9211,2996211,2017-01-04 01:39:04,0,0.0048802644,0.43638396
9212,2996212,2017-01-04 01:39:19,0,0.008382915,0.4220332
9213,2996213,2017-01-04 01:39:29,0,0.00025328965,0.47757915
9214,2996214,2017-01-04 01:40:23,0,0.010497493,0.4591865
9215,2996215,2017-01-04 01:40:24,0,0.002665339,0.43463984
9216,2996216,2017-01-04 01:40:54,0,0.002831136,0.46062976
9217,2996217,2017-01-04 01:40:54,0,0.04872946,0.474519
9218,2996218,2017-01-04 01:40:59,0,0.00332158,0.4505524
9219,2996219,2017-01-04 01:41:14,0,0.007276363,0.4205248
9220,2996220,2017-01-04 01:41:39,0,0.0026045511,0.539667
9221,2996221,2017-01-04 01:41:40,0,0.00039571078,0.50504714
9222,2996222,2017-01-04 01:41:43,0,0.0001982823,0.4383795
9223,2996223,2017-01-04 01:41:59,0,0.010502116,0.4496857
9224,2996224,2017-01-04 01:42:38,0,0.0059979185,0.4296293
9225,2996225,2017-01-04 01:43:38,0,0.047190107,0.453274
9226,2996226,2017-01-04 01:44:05,0,0.022452699,0.43611053
9227,2996227,2017-01-04 01:44:09,0,0.008976762,0.44284606
9228,2996228,2017-01-04 01:44:13,0,0.012901981,0.46354005
9229,2996229,2017-01-04 01:44:52,0,0.06275873,0.43163905
9230,2996230,2017-01-04 01:45:07,0,0.034135044,0.48231435
9231,2996231,2017-01-04 01:45:35,0,0.002282042,0.44371206
9232,2996232,2017-01-04 01:45:35,1,0.0013303359,0.5113204
9233,2996233,2017-01-04 01:45:39,0,0.011838028,0.44950408
9234,2996234,2017-01-04 01:46:09,0,0.00047605915,0.51762867
9235,2996235,2017-01-04 01:46:28,0,0.0019471677,0.44916657
9236,2996236,2017-01-04 01:47:21,0,0.004737853,0.45948595
9237,2996237,2017-01-04 01:47:31,0,0.00054884347,0.4958139
9238,2996238,2017-01-04 01:47:49,0,0.0017853897,0.44645432
9239,2996239,2017-01-04 01:47:53,0,0.00016605953,0.43971324
9240,2996240,2017-01-04 01:48:05,0,0.011247604,0.43615803
9241,2996241,2017-01-04 01:49:00,0,0.00027254983,0.4438495
9242,2996242,2017-01-04 01:49:20,0,0.0034823536,0.4514807
9243,2996243,2017-01-04 01:49:41,0,0.0077192825,0.42974764
9244,2996244,2017-01-04 01:50:06,0,0.008203705,0.46551758
9245,2996245,2017-01-04 01:50:19,0,0.0009204399,0.54051954
9246,2996246,2017-01-04 01:51:01,1,0.041788522,0.46803582
9247,2996247,2017-01-04 01:51:04,0,0.0044246293,0.4621213
9248,2996248,2017-01-04 01:51:30,0,0.00040862002,0.4332412
9249,2996249,2017-01-04 01:51:35,0,0.0068131597,0.548445
9250,2996250,2017-01-04 01:51:45,0,0.061357643,0.43046296
9251,2996251,2017-01-04 01:52:44,0,0.00040431283,0.5236051
9252,2996252,2017-01-04 01:52:54,0,0.0010819692,0.52544034
9253,2996253,2017-01-04 01:53:54,0,0.003195158,0.5221539
9254,2996254,2017-01-04 01:54:16,0,0.0006855397,0.4599432
9255,2996255,2017-01-04 01:54:28,0,0.005453504,0.4527456
9256,2996256,2017-01-04 01:54:39,0,0.0006509961,0.46059078
9257,2996257,2017-01-04 01:54:50,0,0.0048292107,0.4739561
9258,2996258,2017-01-04 01:54:57,0,0.00042972944,0.47597212
9259,2996259,2017-01-04 01:55:03,0,0.0007416236,0.45661086
9260,2996260,2017-01-04 01:55:24,0,0.00017926659,0.44655895
9261,2996261,2017-01-04 01:55:31,0,0.0056571476,0.4541099
9262,2996262,2017-01-04 01:55:45,0,0.0061501293,0.47567183
9263,2996263,2017-01-04 01:56:29,0,0.0002132455,0.48861933
9264,2996264,2017-01-04 01:56:44,0,0.0033365693,0.45160028
9265,2996265,2017-01-04 01:57:00,0,0.00048613444,0.45274052
9266,2996266,2017-01-04 01:57:06,0,0.0007344157,0.4331934
9267,2996267,2017-01-04 01:57:10,0,0.00330144,0.53213704
9268,2996268,2017-01-04 01:57:17,0,0.00097295915,0.4616777
9269,2996269,2017-01-04 01:57:30,0,0.0010727196,0.4747807
9270,2996270,2017-01-04 01:57:51,0,0.00043114234,0.48979664
9271,2996271,2017-01-04 01:58:45,0,0.0053871884,0.5055624
9272,2996272,2017-01-04 01:58:48,0,0.0019813331,0.46556315
9273,2996273,2017-01-04 01:59:05,0,0.0013609813,0.46655533
9274,2996274,2017-01-04 01:59:45,0,0.0017826722,0.5176161
9275,2996275,2017-01-04 02:00:05,0,0.015850894,0.5254089
9276,2996276,2017-01-04 02:00:15,0,0.0009982531,0.46194175
9277,2996277,2017-01-04 02:00:24,0,0.0025821861,0.49592635
9278,2996278,2017-01-04 02:00:39,0,0.017413996,0.4539126
9279,2996279,2017-01-04 02:01:10,0,0.00015966585,0.5806117
9280,2996280,2017-01-04 02:01:16,0,0.0023939519,0.46137807
9281,2996281,2017-01-04 02:02:01,0,0.017159034,0.47217977
9282,2996282,2017-01-04 02:02:02,0,0.00046438279,0.44355655
9283,2996283,2017-01-04 02:02:12,0,0.0050296807,0.47085577
9284,2996284,2017-01-04 02:02:14,0,0.003311368,0.47178695
9285,2996285,2017-01-04 02:02:32,0,0.00063191913,0.4469837
9286,2996286,2017-01-04 02:02:56,0,0.0024902804,0.44101492
9287,2996287,2017-01-04 02:02:57,0,0.00086305913,0.57640487
9288,2996288,2017-01-04 02:03:01,0,0.0024525204,0.46280575
9289,2996289,2017-01-04 02:03:25,0,0.008309537,0.46471673
9290,2996290,2017-01-04 02:03:26,0,0.0030691833,0.45427528
9291,2996291,2017-01-04 02:03:34,0,0.0007215741,0.4596412
9292,2996292,2017-01-04 02:03:38,0,0.0006849598,0.45346925
9293,2996293,2017-01-04 02:03:57,0,0.0027599037,0.4579106
9294,2996294,2017-01-04 02:04:10,0,0.00072383654,0.46671358
9295,2996295,2017-01-04 02:04:18,0,0.0008817628,0.45609927
9296,2996296,2017-01-04 02:04:18,0,0.00029354743,0.44963074
9297,2996297,2017-01-04 02:04:29,0,0.0025134473,0.43319988
9298,2996298,2017-01-04 02:04:35,0,0.011795788,0.45175928
9299,2996299,2017-01-04 02:04:54,0,0.0008958751,0.44322306
9300,2996300,2017-01-04 02:05:44,0,0.011533024,0.45507318
9301,2996301,2017-01-04 02:05:51,0,0.0064019705,0.4454671
9302,2996302,2017-01-04 02:06:11,0,0.0036081637,0.43070015
9303,2996303,2017-01-04 02:06:38,0,0.00018217492,0.44062263
9304,2996304,2017-01-04 02:06:44,0,0.025013184,0.4219812
9305,2996305,2017-01-04 02:07:11,0,0.0013376914,0.5477596
9306,2996306,2017-01-04 02:07:12,0,0.0009947389,0.47819525
9307,2996307,2017-01-04 02:07:55,0,0.0008778299,0.5005206
9308,2996308,2017-01-04 02:07:57,0,0.052343316,0.42599523
9309,2996309,2017-01-04 02:09:17,0,0.06565405,0.45971632
9310,2996310,2017-01-04 02:09:21,0,0.0006558004,0.46998593
9311,2996311,2017-01-04 02:09:31,0,0.001306641,0.45221362
9312,2996312,2017-01-04 02:09:49,0,0.00053592253,0.46776393
9313,2996313,2017-01-04 02:10:43,0,0.0063136467,0.4678602
9314,2996314,2017-01-04 02:11:13,0,0.0024836077,0.48467547
9315,2996315,2017-01-04 02:12:13,0,0.0007140406,0.5539947
9316,2996316,2017-01-04 02:12:18,0,0.0028508122,0.46401992
9317,2996317,2017-01-04 02:12:41,0,0.0012141626,0.489852
9318,2996318,2017-01-04 02:13:50,0,0.0005403362,0.4563706
9319,2996319,2017-01-04 02:13:59,0,0.0003445507,0.46042752
9320,2996320,2017-01-04 02:14:13,0,0.0036362943,0.4478689
9321,2996321,2017-01-04 02:14:23,0,0.00048662518,0.44164032
9322,2996322,2017-01-04 02:14:24,0,0.0013997728,0.43461525
9323,2996323,2017-01-04 02:14:37,0,0.0003734964,0.45885584
9324,2996324,2017-01-04 02:14:57,0,0.0013018406,0.46125975
9325,2996325,2017-01-04 02:15:15,0,0.018295327,0.46029502
9326,2996326,2017-01-04 02:15:24,0,0.0006711927,0.507728
9327,2996327,2017-01-04 02:15:42,0,0.021194305,0.47272867
9328,2996328,2017-01-04 02:16:16,0,0.0051602987,0.46893063
9329,2996329,2017-01-04 02:17:10,0,0.009921386,0.45153305
9330,2996330,2017-01-04 02:17:19,0,0.00032075695,0.440304
9331,2996331,2017-01-04 02:17:45,0,0.00053843524,0.57360953
9332,2996332,2017-01-04 02:17:46,0,0.0007622376,0.440976
9333,2996333,2017-01-04 02:18:35,0,0.009033408,0.45848292
9334,2996334,2017-01-04 02:18:37,0,0.0014641797,0.45191777
9335,2996335,2017-01-04 02:18:44,0,0.0013497267,0.46544313
9336,2996336,2017-01-04 02:20:19,0,0.00478098,0.4571264
9337,2996337,2017-01-04 02:20:37,0,0.0084955515,0.44907355
9338,2996338,2017-01-04 02:20:38,0,0.0007232426,0.46884486
9339,2996339,2017-01-04 02:20:44,0,0.0004443452,0.49910128
9340,2996340,2017-01-04 02:22:07,0,0.00085126865,0.44400895
9341,2996341,2017-01-04 02:22:37,0,0.00031995124,0.54564583
9342,2996342,2017-01-04 02:22:48,0,0.0004405672,0.47857454
9343,2996343,2017-01-04 02:22:51,0,0.007426959,0.4741742
9344,2996344,2017-01-04 02:24:07,0,0.00018899143,0.4320483
9345,2996345,2017-01-04 02:24:28,0,0.0015355569,0.47699252
9346,2996346,2017-01-04 02:24:31,0,0.0032908907,0.44295147
9347,2996347,2017-01-04 02:24:31,0,0.000149732,0.53582144
9348,2996348,2017-01-04 02:24:43,0,0.009228054,0.43704298
9349,2996349,2017-01-04 02:24:45,0,0.00090574595,0.43032238
9350,2996350,2017-01-04 02:24:48,0,0.0017073854,0.47856036
9351,2996351,2017-01-04 02:25:18,0,0.014909333,0.42830646
9352,2996352,2017-01-04 02:25:21,0,0.0059968126,0.44216532
9353,2996353,2017-01-04 02:25:34,0,0.00038123378,0.45690387
9354,2996354,2017-01-04 02:25:46,0,0.0009851876,0.43088168
9355,2996355,2017-01-04 02:26:05,0,0.0039422545,0.45837915
9356,2996356,2017-01-04 02:26:07,0,0.0043015257,0.4662521
9357,2996357,2017-01-04 02:26:07,0,0.0012142811,0.44671518
9358,2996358,2017-01-04 02:26:08,0,0.0064585465,0.46509078
9359,2996359,2017-01-04 02:26:12,0,0.0041630724,0.47953022
9360,2996360,2017-01-04 02:27:13,0,0.0019890498,0.4781286
9361,2996361,2017-01-04 02:27:16,0,0.0006857361,0.46742734
9362,2996362,2017-01-04 02:27:29,0,0.0012425162,0.45670462
9363,2996363,2017-01-04 02:27:37,0,0.0010242659,0.44186062
9364,2996364,2017-01-04 02:27:47,0,0.0016665546,0.43389705
9365,2996365,2017-01-04 02:27:58,0,0.0066111386,0.47625095
9366,2996366,2017-01-04 02:30:42,0,0.0027159567,0.4586067
9367,2996367,2017-01-04 02:30:44,0,0.00253697,0.45567194
9368,2996368,2017-01-04 02:30:52,0,0.012340744,0.4744331
9369,2996369,2017-01-04 02:31:07,0,0.0003998703,0.45506766
9370,2996370,2017-01-04 02:31:57,0,0.027886033,0.47346994
9371,2996371,2017-01-04 02:31:58,0,0.05215779,0.48925307
9372,2996372,2017-01-04 02:32:22,0,0.01562867,0.47737172
9373,2996373,2017-01-04 02:32:27,0,0.0010762818,0.4629794
9374,2996374,2017-01-04 02:32:42,0,0.0045128637,0.45547208
9375,2996375,2017-01-04 02:33:26,0,0.0006976118,0.4951657
9376,2996376,2017-01-04 02:33:38,0,0.008412806,0.44478276
9377,2996377,2017-01-04 02:33:45,0,0.0019272226,0.55325794
9378,2996378,2017-01-04 02:33:54,0,0.012500809,0.4988187
9379,2996379,2017-01-04 02:34:11,0,0.0007977054,0.4667651
9380,2996380,2017-01-04 02:34:33,0,0.0013256144,0.44794086
9381,2996381,2017-01-04 02:35:28,0,0.07255085,0.5059525
9382,2996382,2017-01-04 02:36:37,0,0.010435032,0.47160998
9383,2996383,2017-01-04 02:36:49,0,0.040771272,0.47071466
9384,2996384,2017-01-04 02:37:01,0,0.007991774,0.4610674
9385,2996385,2017-01-04 02:37:05,0,0.001456457,0.49645454
9386,2996386,2017-01-04 02:37:06,0,0.0008878057,0.5067466
9387,2996387,2017-01-04 02:37:10,0,0.0004956992,0.4572044
9388,2996388,2017-01-04 02:37:48,0,0.00016709002,0.45326945
9389,2996389,2017-01-04 02:37:56,0,0.027759919,0.4417115
9390,2996390,2017-01-04 02:38:08,0,0.003441579,0.46267232
9391,2996391,2017-01-04 02:38:37,1,0.0010058662,0.5745119
9392,2996392,2017-01-04 02:38:46,0,0.00035899473,0.44807172
9393,2996393,2017-01-04 02:39:00,0,0.011049246,0.4608717
9394,2996394,2017-01-04 02:40:39,0,0.0064015617,0.47634605
9395,2996395,2017-01-04 02:42:34,0,0.00013702002,0.44192138
9396,2996396,2017-01-04 02:43:29,0,0.0030028978,0.5036152
9397,2996397,2017-01-04 02:44:10,0,0.003184846,0.4704767
9398,2996398,2017-01-04 02:44:24,0,0.00031594044,0.4410998
9399,2996399,2017-01-04 02:44:57,0,0.00089541514,0.46263894
9400,2996400,2017-01-04 02:45:17,0,0.0062631173,0.5165051
9401,2996401,2017-01-04 02:45:42,0,0.000326283,0.4787675
9402,2996402,2017-01-04 02:45:46,0,0.0035549267,0.4579443
9403,2996403,2017-01-04 02:45:51,0,0.0003402911,0.53493583
9404,2996404,2017-01-04 02:45:56,0,0.013301145,0.4727017
9405,2996405,2017-01-04 02:46:00,0,0.037014514,0.46966827
9406,2996406,2017-01-04 02:46:06,0,0.006415765,0.4976319
9407,2996407,2017-01-04 02:46:54,0,0.0063434797,0.50336105
9408,2996408,2017-01-04 02:47:09,0,0.00071299274,0.4634375
9409,2996409,2017-01-04 02:47:36,0,0.037969086,0.46208265
9410,2996410,2017-01-04 02:47:45,0,0.0038649768,0.4949391
9411,2996411,2017-01-04 02:47:48,0,0.00025435712,0.5178249
9412,2996412,2017-01-04 02:48:58,0,0.0023189213,0.4629517
9413,2996413,2017-01-04 02:48:59,0,0.10437025,0.47189274
9414,2996414,2017-01-04 02:49:06,0,0.0013340598,0.46770936
9415,2996415,2017-01-04 02:49:11,0,0.016554745,0.45697322
9416,2996416,2017-01-04 02:49:20,0,0.00028027323,0.46433482
9417,2996417,2017-01-04 02:49:51,0,0.00024084325,0.4984739
9418,2996418,2017-01-04 02:50:07,0,0.0027880284,0.4615739
9419,2996419,2017-01-04 02:50:20,0,0.0022316214,0.4546809
9420,2996420,2017-01-04 02:51:14,0,0.00030098602,0.44246608
9421,2996421,2017-01-04 02:51:16,0,0.0034649954,0.47125977
9422,2996422,2017-01-04 02:52:49,0,0.000845328,0.4469224
9423,2996423,2017-01-04 02:53:23,0,0.0002034714,0.43843773
9424,2996424,2017-01-04 02:53:38,0,0.13291419,0.45930406
9425,2996425,2017-01-04 02:54:17,0,0.002780309,0.4614385
9426,2996426,2017-01-04 02:55:45,0,0.0020258673,0.50134736
9427,2996427,2017-01-04 02:55:55,0,0.0009316928,0.46858057
9428,2996428,2017-01-04 02:56:21,0,0.00041341202,0.4347617
9429,2996429,2017-01-04 02:56:55,0,0.0034183152,0.4496332
9430,2996430,2017-01-04 02:58:42,0,0.0003476103,0.47026175
9431,2996431,2017-01-04 02:59:21,0,0.0046290546,0.45999616
9432,2996432,2017-01-04 03:00:33,0,0.0011457076,0.4439753
9433,2996433,2017-01-04 03:00:59,0,0.001288326,0.5114437
9434,2996434,2017-01-04 03:02:04,0,0.015233457,0.4431906
9435,2996435,2017-01-04 03:02:11,0,0.011791269,0.54173136
9436,2996436,2017-01-04 03:04:23,0,0.0009259428,0.44689733
9437,2996437,2017-01-04 03:04:44,0,0.09104435,0.5110758
9438,2996438,2017-01-04 03:04:45,0,0.0036194269,0.4790626
9439,2996439,2017-01-04 03:04:48,0,0.0009333129,0.55449235
9440,2996440,2017-01-04 03:06:10,0,0.0003619389,0.4530847
9441,2996441,2017-01-04 03:06:26,0,0.0024711064,0.4919978
9442,2996442,2017-01-04 03:06:31,0,0.00042072218,0.44711524
9443,2996443,2017-01-04 03:07:34,0,0.002214564,0.46251288
9444,2996444,2017-01-04 03:07:34,0,0.0016344555,0.4620786
9445,2996445,2017-01-04 03:08:05,0,0.0007630563,0.4956993
9446,2996446,2017-01-04 03:08:19,0,0.0019841657,0.485239
9447,2996447,2017-01-04 03:08:29,0,0.00316353,0.49707997
9448,2996448,2017-01-04 03:09:17,0,0.0013727059,0.46815994
9449,2996449,2017-01-04 03:09:40,0,0.0023259015,0.44550994
9450,2996450,2017-01-04 03:10:51,0,0.00036616917,0.45559895
9451,2996451,2017-01-04 03:11:00,0,0.006596852,0.47333902
9452,2996452,2017-01-04 03:12:47,0,0.05393643,0.45950544
9453,2996453,2017-01-04 03:12:51,0,0.0024871377,0.45596877
9454,2996454,2017-01-04 03:12:55,0,0.0023633342,0.48114702
9455,2996455,2017-01-04 03:13:26,0,0.021933937,0.49646857
9456,2996456,2017-01-04 03:14:02,0,0.0058919764,0.44122338
9457,2996457,2017-01-04 03:14:55,0,0.00778515,0.4453841
9458,2996458,2017-01-04 03:15:01,0,0.0011155938,0.4580027
9459,2996459,2017-01-04 03:15:13,0,0.0005337234,0.45209625
9460,2996460,2017-01-04 03:15:18,0,0.015602019,0.47294712
9461,2996461,2017-01-04 03:15:38,0,0.002577364,0.45118973
9462,2996462,2017-01-04 03:16:12,0,0.003305316,0.46523702
9463,2996463,2017-01-04 03:16:26,0,0.006313383,0.49578506
9464,2996464,2017-01-04 03:16:27,0,0.030798223,0.45758384
9465,2996465,2017-01-04 03:17:49,0,0.004705837,0.44758883
9466,2996466,2017-01-04 03:18:58,0,0.0064379196,0.44734776
9467,2996467,2017-01-04 03:19:06,0,0.006000287,0.48031735
9468,2996468,2017-01-04 03:20:02,0,0.0023894657,0.46799582
9469,2996469,2017-01-04 03:22:07,0,0.0028257552,0.5050364
9470,2996470,2017-01-04 03:22:27,0,0.00018706807,0.4605088
9471,2996471,2017-01-04 03:24:54,1,0.0029022454,0.50376374
9472,2996472,2017-01-04 03:26:04,0,0.0003679107,0.4476427
9473,2996473,2017-01-04 03:26:12,0,0.0011587025,0.4689082
9474,2996474,2017-01-04 03:26:25,0,0.0012200088,0.44526178
9475,2996475,2017-01-04 03:26:46,0,0.007970531,0.4730537
9476,2996476,2017-01-04 03:27:31,0,0.0010971334,0.45912272
9477,2996477,2017-01-04 03:29:13,0,0.0050549475,0.56331384
9478,2996478,2017-01-04 03:29:46,0,0.0021742615,0.46005136
9479,2996479,2017-01-04 03:29:50,1,0.0007471058,0.44093317
9480,2996480,2017-01-04 03:29:52,0,0.0017614134,0.45090798
9481,2996481,2017-01-04 03:30:16,0,0.00080969266,0.49371472
9482,2996482,2017-01-04 03:30:37,0,0.0017853319,0.49999154
9483,2996483,2017-01-04 03:30:58,0,0.0015766773,0.48523444
9484,2996484,2017-01-04 03:31:43,0,0.0057422672,0.4900181
9485,2996485,2017-01-04 03:31:55,0,0.023804227,0.44875002
9486,2996486,2017-01-04 03:31:59,0,0.007623064,0.47393095
9487,2996487,2017-01-04 03:32:14,0,0.0007112842,0.45700803
9488,2996488,2017-01-04 03:32:35,0,0.0010062068,0.48737252
9489,2996489,2017-01-04 03:33:29,0,0.005405185,0.49248627
9490,2996490,2017-01-04 03:34:04,0,0.0060934746,0.4607765
9491,2996491,2017-01-04 03:34:46,0,0.00410424,0.49157146
9492,2996492,2017-01-04 03:35:05,0,0.0027517567,0.44811207
9493,2996493,2017-01-04 03:35:32,1,0.0049792426,0.52812827
9494,2996494,2017-01-04 03:35:44,0,0.015025874,0.49089476
9495,2996495,2017-01-04 03:36:37,0,0.014092318,0.45782232
9496,2996496,2017-01-04 03:37:25,0,0.018063748,0.54966336
9497,2996497,2017-01-04 03:39:58,0,0.014441797,0.5061407
9498,2996498,2017-01-04 03:40:14,0,0.0106027,0.47774714
9499,2996499,2017-01-04 03:41:26,0,0.0013021673,0.47817233
9500,2996500,2017-01-04 03:41:53,0,0.00077630446,0.45236108
9501,2996501,2017-01-04 03:42:05,0,0.004389933,0.4599432
9502,2996502,2017-01-04 03:42:24,0,0.0020822939,0.4820742
9503,2996503,2017-01-04 03:45:04,1,0.00027990498,0.47993883
9504,2996504,2017-01-04 03:45:38,0,0.0030713785,0.45316127
9505,2996505,2017-01-04 03:45:40,0,0.0017644503,0.4525378
9506,2996506,2017-01-04 03:46:14,0,0.0017425481,0.47618136
9507,2996507,2017-01-04 03:47:19,0,0.0026811934,0.4940678
9508,2996508,2017-01-04 03:48:32,0,0.014505236,0.45235068
9509,2996509,2017-01-04 03:48:40,0,0.0019523463,0.4750185
9510,2996510,2017-01-04 03:50:00,0,0.0006080157,0.46364027
9511,2996511,2017-01-04 03:50:38,0,0.004876841,0.43891755
9512,2996512,2017-01-04 03:50:45,0,0.0035573752,0.5645193
9513,2996513,2017-01-04 03:51:04,0,0.00014951,0.4536725
9514,2996514,2017-01-04 03:52:52,0,0.0071433135,0.44506517
9515,2996515,2017-01-04 03:53:13,0,0.0417587,0.48034298
9516,2996516,2017-01-04 03:54:23,0,0.018349906,0.4741707
9517,2996517,2017-01-04 03:55:23,0,0.0024543912,0.45679682
9518,2996518,2017-01-04 03:55:37,1,0.007219231,0.48629588
9519,2996519,2017-01-04 03:56:16,0,0.007088577,0.47528118
9520,2996520,2017-01-04 03:56:53,0,0.0056870584,0.44879448
9521,2996521,2017-01-04 03:56:54,0,0.0042548133,0.53642726
9522,2996522,2017-01-04 03:57:02,0,0.09382103,0.4756547
9523,2996523,2017-01-04 03:58:21,0,0.0748169,0.52891415
9524,2996524,2017-01-04 03:58:32,0,0.010234173,0.48196906
9525,2996525,2017-01-04 04:00:17,0,0.016308963,0.46270457
9526,2996526,2017-01-04 04:00:32,0,0.0009006428,0.4531836
9527,2996527,2017-01-04 04:00:43,0,0.001007954,0.44759122
9528,2996528,2017-01-04 04:00:47,0,0.025706887,0.4685327
9529,2996529,2017-01-04 04:01:25,0,0.0073682037,0.48052788
9530,2996530,2017-01-04 04:02:26,0,0.0005692141,0.4771272
9531,2996531,2017-01-04 04:03:09,1,0.0017524658,0.49402246
9532,2996532,2017-01-04 04:03:54,0,0.0042301007,0.4605789
9533,2996533,2017-01-04 04:03:58,0,0.0070525897,0.4523116
9534,2996534,2017-01-04 04:05:50,0,0.007672138,0.50027484
9535,2996535,2017-01-04 04:06:08,1,0.00074332306,0.4946223
9536,2996536,2017-01-04 04:07:14,0,0.0017688408,0.4583926
9537,2996537,2017-01-04 04:07:59,0,0.008315279,0.44424617
9538,2996538,2017-01-04 04:08:02,0,0.006843774,0.47021535
9539,2996539,2017-01-04 04:09:01,0,0.0012607295,0.4693791
9540,2996540,2017-01-04 04:09:15,0,0.022803655,0.53082913
9541,2996541,2017-01-04 04:10:02,0,0.019771075,0.5001039
9542,2996542,2017-01-04 04:10:58,0,0.04803364,0.5000152
9543,2996543,2017-01-04 04:10:59,0,0.0010839186,0.4682877
9544,2996544,2017-01-04 04:11:40,0,0.0014464752,0.48664865
9545,2996545,2017-01-04 04:12:00,0,0.013195499,0.46244174
9546,2996546,2017-01-04 04:12:09,0,0.0045263944,0.4836031
9547,2996547,2017-01-04 04:12:52,0,0.001908939,0.47945186
9548,2996548,2017-01-04 04:13:46,0,0.0065883826,0.49230897
9549,2996549,2017-01-04 04:14:51,0,0.0010235519,0.4664703
9550,2996550,2017-01-04 04:15:23,0,0.022131206,0.4623502
9551,2996551,2017-01-04 04:15:30,0,0.0027517343,0.47543234
9552,2996552,2017-01-04 04:16:46,0,0.0005955376,0.49566683
9553,2996553,2017-01-04 04:16:56,0,0.0006597309,0.44582915
9554,2996554,2017-01-04 04:17:02,0,0.00794053,0.46367532
9555,2996555,2017-01-04 04:17:17,0,0.016580189,0.45872808
9556,2996556,2017-01-04 04:20:39,0,0.0019130418,0.45831624
9557,2996557,2017-01-04 04:21:20,0,0.0033103751,0.45275968
9558,2996558,2017-01-04 04:21:22,0,0.00065774546,0.45837826
9559,2996559,2017-01-04 04:21:48,0,0.015742812,0.46938825
9560,2996560,2017-01-04 04:21:49,0,0.061290585,0.465311
9561,2996561,2017-01-04 04:25:37,0,0.0008744531,0.49730882
9562,2996562,2017-01-04 04:26:27,1,0.0013941189,0.54234135
9563,2996563,2017-01-04 04:27:46,0,0.0022433803,0.49396423
9564,2996564,2017-01-04 04:28:33,1,0.0016784981,0.5405743
9565,2996565,2017-01-04 04:28:50,0,0.001961793,0.46232837
9566,2996566,2017-01-04 04:30:03,0,0.004579219,0.47638157
9567,2996567,2017-01-04 04:30:29,0,0.00081898377,0.4635732
9568,2996568,2017-01-04 04:31:42,0,0.00029701967,0.49248007
9569,2996569,2017-01-04 04:32:59,0,0.008030164,0.49268982
9570,2996570,2017-01-04 04:35:17,0,0.0002938095,0.462992
9571,2996571,2017-01-04 04:36:07,0,0.032066472,0.5034245
9572,2996572,2017-01-04 04:37:21,0,0.00017820297,0.46315715
9573,2996573,2017-01-04 04:38:30,0,0.00045672603,0.53067976
9574,2996574,2017-01-04 04:38:46,0,0.0014236132,0.47260275
9575,2996575,2017-01-04 04:39:54,0,0.0019410814,0.47710788
9576,2996576,2017-01-04 04:40:27,0,0.0009449481,0.46260828
9577,2996577,2017-01-04 04:42:13,0,0.003708713,0.53763866
9578,2996578,2017-01-04 04:42:22,0,0.00039589775,0.4434486
9579,2996579,2017-01-04 04:44:09,0,0.002180379,0.4891976
9580,2996580,2017-01-04 04:44:45,0,0.0012614134,0.4956644
9581,2996581,2017-01-04 04:51:23,0,0.00071404706,0.46854624
9582,2996582,2017-01-04 04:52:12,0,0.0010490927,0.46644133
9583,2996583,2017-01-04 04:52:41,0,0.0205888,0.4678566
9584,2996584,2017-01-04 04:53:04,0,0.000329796,0.48238558
9585,2996585,2017-01-04 04:53:32,0,0.0018292798,0.4711958
9586,2996586,2017-01-04 04:56:05,0,0.0015795061,0.4558469
9587,2996587,2017-01-04 04:56:21,0,0.008097333,0.48107365
9588,2996588,2017-01-04 04:56:42,0,0.0025352754,0.4612638
9589,2996589,2017-01-04 04:57:30,0,0.0013618985,0.48310715
9590,2996590,2017-01-04 04:57:48,0,0.0004086726,0.5105273
9591,2996591,2017-01-04 04:58:05,0,0.013838533,0.46376136
9592,2996592,2017-01-04 04:59:04,0,0.09865064,0.47550046
9593,2996593,2017-01-04 04:59:36,0,0.0031845039,0.4580074
9594,2996594,2017-01-04 04:59:40,0,0.0006257369,0.45711592
9595,2996595,2017-01-04 05:00:14,0,0.0002355579,0.5382696
9596,2996596,2017-01-04 05:00:25,0,0.00675931,0.4943304
9597,2996597,2017-01-04 05:01:40,0,0.013787043,0.47404835
9598,2996598,2017-01-04 05:03:05,0,0.0033024834,0.46602416
9599,2996599,2017-01-04 05:03:24,0,0.00095732673,0.4832632
9600,2996600,2017-01-04 05:04:01,0,0.00073972874,0.4524017
9601,2996601,2017-01-04 05:04:09,0,0.00036253838,0.48428032
9602,2996602,2017-01-04 05:04:14,0,0.00034961436,0.55570775
9603,2996603,2017-01-04 05:04:17,0,0.0009617937,0.44517764
9604,2996604,2017-01-04 05:04:59,0,0.0035926157,0.43773434
9605,2996605,2017-01-04 05:05:32,0,0.00017524758,0.47069016
9606,2996606,2017-01-04 05:06:00,0,0.00026775993,0.5010022
9607,2996607,2017-01-04 05:06:32,0,9.6011456e-05,0.5436443
9608,2996608,2017-01-04 05:06:40,0,0.0019321662,0.47168636
9609,2996609,2017-01-04 05:06:47,0,0.00053602544,0.44839558
9610,2996610,2017-01-04 05:08:13,0,0.0030021642,0.49088407
9611,2996611,2017-01-04 05:09:12,0,0.0009817324,0.45057166
9612,2996612,2017-01-04 05:10:01,1,0.004072636,0.50397855
9613,2996613,2017-01-04 05:11:24,0,6.434113e-05,0.49915683
9614,2996614,2017-01-04 05:11:33,0,0.0008748669,0.511312
9615,2996615,2017-01-04 05:11:57,0,0.0020471506,0.46102718
9616,2996616,2017-01-04 05:12:24,0,0.00012311262,0.558546
9617,2996617,2017-01-04 05:12:59,0,0.00014997105,0.4570614
9618,2996618,2017-01-04 05:13:16,0,0.0006725435,0.4509015
9619,2996619,2017-01-04 05:15:50,0,8.0513e-05,0.5600977
9620,2996620,2017-01-04 05:17:07,0,6.996665e-05,0.5619137
9621,2996621,2017-01-04 05:19:50,0,0.008820626,0.47066638
9622,2996622,2017-01-04 05:21:16,0,0.0008532208,0.4609477
9623,2996623,2017-01-04 05:24:36,0,0.0021322009,0.4600753
9624,2996624,2017-01-04 05:26:39,0,9.239125e-05,0.50871885
9625,2996625,2017-01-04 05:28:24,0,0.0035693028,0.44077855
9626,2996626,2017-01-04 05:28:54,0,0.00061258,0.4688706
9627,2996627,2017-01-04 05:29:31,0,0.0010451772,0.4790023
9628,2996628,2017-01-04 05:31:46,0,0.0074845473,0.51549584
9629,2996629,2017-01-04 05:32:04,0,0.013160463,0.4690344
9630,2996630,2017-01-04 05:33:59,0,0.0019149866,0.46216366
9631,2996631,2017-01-04 05:34:13,0,0.000645104,0.4763403
9632,2996632,2017-01-04 05:35:43,0,0.032524426,0.48105818
9633,2996633,2017-01-04 05:36:03,0,0.0046174093,0.522895
9634,2996634,2017-01-04 05:36:39,0,0.0005446681,0.49265477
9635,2996635,2017-01-04 05:38:49,0,0.0041206838,0.49980944
9636,2996636,2017-01-04 05:39:56,0,0.0060422365,0.45245743
9637,2996637,2017-01-04 05:40:23,0,0.001026194,0.4600517
9638,2996638,2017-01-04 05:41:31,0,0.00086131215,0.46662307
9639,2996639,2017-01-04 05:41:57,1,0.004682716,0.44905776
9640,2996640,2017-01-04 05:43:49,0,0.0038062152,0.46897393
9641,2996641,2017-01-04 05:44:14,0,0.036993198,0.46149138
9642,2996642,2017-01-04 05:44:32,0,0.00012206269,0.5601231
9643,2996643,2017-01-04 05:44:47,0,0.0015098319,0.4487226
9644,2996644,2017-01-04 05:46:30,0,0.0030097682,0.44941813
9645,2996645,2017-01-04 05:47:35,0,0.03363182,0.47501993
9646,2996646,2017-01-04 05:48:10,0,0.00046429422,0.50062495
9647,2996647,2017-01-04 05:50:32,0,0.0011451418,0.45756885
9648,2996648,2017-01-04 05:51:45,0,0.0002697645,0.45611325
9649,2996649,2017-01-04 05:54:45,0,0.016999472,0.4861234
9650,2996650,2017-01-04 05:57:17,0,0.00027836437,0.45693448
9651,2996651,2017-01-04 05:58:34,0,0.0002308067,0.464256
9652,2996652,2017-01-04 05:58:45,0,0.0032758755,0.5025418
9653,2996653,2017-01-04 06:01:45,0,0.002727844,0.48834848
9654,2996654,2017-01-04 06:02:30,0,0.008441128,0.46619704
9655,2996655,2017-01-04 06:03:58,0,0.000511684,0.45089167
9656,2996656,2017-01-04 06:04:07,0,0.00021118367,0.46495107
9657,2996657,2017-01-04 06:04:22,0,0.0044151577,0.4728362
9658,2996658,2017-01-04 06:05:25,0,0.005492428,0.44158244
9659,2996659,2017-01-04 06:05:57,0,0.002826528,0.45929495
9660,2996660,2017-01-04 06:06:42,0,0.001988779,0.49542913
9661,2996661,2017-01-04 06:07:14,0,0.0016625593,0.50183517
9662,2996662,2017-01-04 06:07:33,0,0.020960532,0.4496376
9663,2996663,2017-01-04 06:07:43,0,0.0030142185,0.4702046
9664,2996664,2017-01-04 06:10:09,0,0.008907043,0.49546424
9665,2996665,2017-01-04 06:13:43,1,0.00091869856,0.45642874
9666,2996666,2017-01-04 06:14:09,0,0.0016900242,0.47673002
9667,2996667,2017-01-04 06:16:15,0,0.13466777,0.46380314
9668,2996668,2017-01-04 06:17:11,0,0.0066416445,0.4827138
9669,2996669,2017-01-04 06:20:50,0,0.0097851185,0.45391536
9670,2996670,2017-01-04 06:21:36,0,0.0012321426,0.4679761
9671,2996671,2017-01-04 06:21:42,0,0.0032636872,0.47503597
9672,2996672,2017-01-04 06:23:42,0,0.0035194426,0.476171
9673,2996673,2017-01-04 06:25:13,0,0.01877228,0.4817894
9674,2996674,2017-01-04 06:25:32,0,0.0003156815,0.46505716
9675,2996675,2017-01-04 06:26:19,0,0.0028431679,0.45865384
9676,2996676,2017-01-04 06:29:07,0,0.011425145,0.48717025
9677,2996677,2017-01-04 06:29:55,1,0.011285903,0.47767302
9678,2996678,2017-01-04 06:31:41,0,0.0004637367,0.5219312
9679,2996679,2017-01-04 06:34:06,0,0.0022246523,0.49347308
9680,2996680,2017-01-04 06:35:33,0,0.010922389,0.48732445
9681,2996681,2017-01-04 06:36:07,0,0.0006872212,0.45304948
9682,2996682,2017-01-04 06:36:56,0,0.01646568,0.46983853
9683,2996683,2017-01-04 06:39:27,0,0.011821651,0.47041756
9684,2996684,2017-01-04 06:41:24,0,0.002729004,0.49195257
9685,2996685,2017-01-04 06:44:05,0,0.0017225696,0.52463096
9686,2996686,2017-01-04 06:45:53,0,0.0038597155,0.47192827
9687,2996687,2017-01-04 06:46:29,0,0.00022976659,0.4632172
9688,2996688,2017-01-04 06:50:55,0,0.0068982206,0.48988876
9689,2996689,2017-01-04 06:51:24,0,0.00896086,0.451453
9690,2996690,2017-01-04 06:54:49,0,8.649593e-05,0.4598613
9691,2996691,2017-01-04 06:55:08,0,0.0016763852,0.46784455
9692,2996692,2017-01-04 06:56:22,0,0.0022664648,0.47197154
9693,2996693,2017-01-04 06:58:17,0,0.0007778328,0.46696198
9694,2996694,2017-01-04 07:00:02,1,0.0006545035,0.45178893
9695,2996695,2017-01-04 07:00:57,0,0.07921232,0.47739878
9696,2996696,2017-01-04 07:01:51,0,0.00057187054,0.45149544
9697,2996697,2017-01-04 07:02:11,0,0.00076655904,0.45723036
9698,2996698,2017-01-04 07:05:59,0,0.0029773233,0.48861626
9699,2996699,2017-01-04 07:10:17,0,0.00019853371,0.47240177
9700,2996700,2017-01-04 07:13:34,0,0.00045288232,0.45901808
9701,2996701,2017-01-04 07:13:50,0,0.0006612814,0.49904516
9702,2996702,2017-01-04 07:13:56,0,0.0012064868,0.5383027
9703,2996703,2017-01-04 07:17:19,0,0.0002563017,0.48216143
9704,2996704,2017-01-04 07:18:23,0,0.0028786943,0.4588473
9705,2996705,2017-01-04 07:18:27,0,0.00447818,0.4731175
9706,2996706,2017-01-04 07:20:13,0,0.00037206247,0.4603416
9707,2996707,2017-01-04 07:23:06,0,0.00014650097,0.4727276
9708,2996708,2017-01-04 07:26:10,0,0.0020673985,0.45837113
9709,2996709,2017-01-04 07:31:22,0,0.01666568,0.45666572
9710,2996710,2017-01-04 07:40:29,0,0.005072381,0.4686124
9711,2996711,2017-01-04 07:42:00,0,0.0011087978,0.44397643
9712,2996712,2017-01-04 07:44:53,0,0.0053202286,0.47876793
9713,2996713,2017-01-04 07:50:46,0,0.0058741365,0.44727495
9714,2996714,2017-01-04 08:08:37,0,0.0066616633,0.48475614
9715,2996715,2017-01-04 08:10:50,0,0.0021678952,0.4871397
9716,2996716,2017-01-04 08:12:00,0,0.008262016,0.46690142
9717,2996717,2017-01-04 08:20:09,0,0.07423868,0.4665269
9718,2996718,2017-01-04 08:20:24,0,0.0034994355,0.48343608
9719,2996719,2017-01-04 08:21:07,0,0.030376595,0.47200054
9720,2996720,2017-01-04 08:26:40,0,0.003305021,0.47037455
9721,2996721,2017-01-04 08:26:48,0,0.036327466,0.4731173
9722,2996722,2017-01-04 08:34:24,0,0.01730277,0.48545825
9723,2996723,2017-01-04 08:42:29,0,0.0038422903,0.4479988
9724,2996724,2017-01-04 08:42:31,0,0.039016914,0.4700495
9725,2996725,2017-01-04 08:43:27,0,0.0029974708,0.44549474
9726,2996726,2017-01-04 08:44:31,0,0.05598581,0.46792486
9727,2996727,2017-01-04 08:47:05,0,0.0034726553,0.54095316
9728,2996728,2017-01-04 09:01:59,0,0.0067806444,0.48954225
9729,2996729,2017-01-04 09:03:27,0,0.00027210714,0.4603203
9730,2996730,2017-01-04 09:29:20,0,0.0064851507,0.45218253
9731,2996731,2017-01-04 09:29:35,0,0.0063214204,0.5197573
9732,2996732,2017-01-04 09:31:21,0,0.0039165476,0.5205961
9733,2996733,2017-01-04 09:39:52,0,0.0035517833,0.49045935
9734,2996734,2017-01-04 09:42:59,0,0.003404414,0.45703417
9735,2996735,2017-01-04 09:47:55,0,0.043673165,0.45549405
9736,2996736,2017-01-04 09:49:46,0,0.0012843943,0.4421998
9737,2996737,2017-01-04 09:50:14,0,0.015529041,0.4518652
9738,2996738,2017-01-04 09:50:35,0,0.0021509195,0.49524322
9739,2996739,2017-01-04 09:52:03,0,0.0033140872,0.46887904
9740,2996740,2017-01-04 09:57:30,0,0.001634219,0.44575992
9741,2996741,2017-01-04 10:00:19,0,0.060029905,0.46240532
9742,2996742,2017-01-04 10:00:58,1,0.040009182,0.45175102
9743,2996743,2017-01-04 10:06:49,0,0.0005149824,0.44558623
9744,2996744,2017-01-04 10:16:10,0,0.040486995,0.47414416
9745,2996745,2017-01-04 10:16:42,0,0.00217021,0.4546836
9746,2996746,2017-01-04 10:28:14,0,0.0029710636,0.44720173
9747,2996747,2017-01-04 10:39:12,0,0.0063713514,0.4556654
9748,2996748,2017-01-04 10:40:14,0,0.010690681,0.45893306
9749,2996749,2017-01-04 10:42:26,0,0.0046989876,0.46104446
9750,2996750,2017-01-04 10:51:09,0,0.0077793105,0.44624177
9751,2996751,2017-01-04 10:53:42,0,0.0010390686,0.4970624
9752,2996752,2017-01-04 10:55:25,0,0.005032865,0.4580871
9753,2996753,2017-01-04 10:57:03,0,0.002967145,0.4553312
9754,2996754,2017-01-04 11:00:03,0,0.005880324,0.45455405
9755,2996755,2017-01-04 11:04:37,0,0.03567275,0.45244193
9756,2996756,2017-01-04 11:08:54,0,0.0010374122,0.44964597
9757,2996757,2017-01-04 11:10:13,0,0.0009461553,0.49486384
9758,2996758,2017-01-04 11:10:46,0,0.1264874,0.47043803
9759,2996759,2017-01-04 11:19:06,0,0.07098076,0.45159283
9760,2996760,2017-01-04 11:20:51,0,0.273783,0.46270558
9761,2996761,2017-01-04 11:21:07,0,0.0026939206,0.45373544
9762,2996762,2017-01-04 11:26:22,0,0.019410778,0.44451973
9763,2996763,2017-01-04 11:30:35,0,0.0008025358,0.4406586
9764,2996764,2017-01-04 11:30:36,0,0.111842215,0.45898193
9765,2996765,2017-01-04 11:32:22,0,0.00033290373,0.5068437
9766,2996766,2017-01-04 11:32:45,0,0.00071509747,0.46532318
9767,2996767,2017-01-04 11:34:12,0,0.0017064005,0.5228036
9768,2996768,2017-01-04 11:35:54,0,0.002849262,0.4458637
9769,2996769,2017-01-04 11:36:45,0,0.012941294,0.45327452
9770,2996770,2017-01-04 11:39:31,0,0.0006256624,0.5280041
9771,2996771,2017-01-04 11:43:06,0,0.0035625105,0.45230833
9772,2996772,2017-01-04 11:45:09,0,0.0005980694,0.46192938
9773,2996773,2017-01-04 11:45:18,0,0.00899571,0.4565799
9774,2996774,2017-01-04 11:46:18,0,0.006402693,0.44835567
9775,2996775,2017-01-04 11:46:59,0,0.009411692,0.45375687
9776,2996776,2017-01-04 11:48:48,0,0.035533097,0.49869585
9777,2996777,2017-01-04 11:54:14,0,0.0061869095,0.44144672
9778,2996778,2017-01-04 11:54:16,0,0.0010328685,0.5022766
9779,2996779,2017-01-04 11:55:24,0,0.011456175,0.4526637
9780,2996780,2017-01-04 12:00:13,0,0.002351946,0.4712791
9781,2996781,2017-01-04 12:00:15,0,0.015304227,0.48159298
9782,2996782,2017-01-04 12:00:45,0,0.0017017478,0.52201366
9783,2996783,2017-01-04 12:03:55,0,0.0039239675,0.45572543
9784,2996784,2017-01-04 12:05:17,0,0.0054785265,0.49051735
9785,2996785,2017-01-04 12:08:31,1,0.001128962,0.47427318
9786,2996786,2017-01-04 12:09:37,1,0.0017895815,0.47073817
9787,2996787,2017-01-04 12:11:09,0,0.0011136036,0.5270359
9788,2996788,2017-01-04 12:12:19,1,0.0028358744,0.46118924
9789,2996789,2017-01-04 12:12:42,0,0.0029115248,0.5320167
9790,2996790,2017-01-04 12:13:29,1,0.0023904913,0.46743754
9791,2996791,2017-01-04 12:15:41,0,0.04226856,0.45231983
9792,2996792,2017-01-04 12:17:56,0,0.0025544527,0.44399083
9793,2996793,2017-01-04 12:26:13,0,0.0029588172,0.47227675
9794,2996794,2017-01-04 12:27:41,0,0.01961116,0.44052863
9795,2996795,2017-01-04 12:28:19,0,0.012719606,0.45888817
9796,2996796,2017-01-04 12:32:21,0,0.0073694033,0.47527698
9797,2996797,2017-01-04 12:34:21,0,0.0007282902,0.43553102
9798,2996798,2017-01-04 12:35:58,0,0.005049701,0.4490068
9799,2996799,2017-01-04 12:41:03,0,0.0053632455,0.4714798
9800,2996800,2017-01-04 12:43:47,0,0.008349203,0.4465039
9801,2996801,2017-01-04 12:44:54,0,0.0073653483,0.4431067
9802,2996802,2017-01-04 12:46:29,0,0.00080822565,0.45013994
9803,2996803,2017-01-04 12:46:39,0,0.025879107,0.43611148
9804,2996804,2017-01-04 12:47:56,0,0.010240846,0.44566265
9805,2996805,2017-01-04 12:48:08,0,0.0012113774,0.44184595
9806,2996806,2017-01-04 12:48:14,0,0.0018733632,0.43373677
9807,2996807,2017-01-04 12:51:16,0,0.0005056423,0.43959677
9808,2996808,2017-01-04 12:52:23,0,0.0015331076,0.45104176
9809,2996809,2017-01-04 12:52:54,0,0.0048889723,0.42745435
9810,2996810,2017-01-04 12:53:16,0,0.0007705384,0.44221523
9811,2996811,2017-01-04 12:54:47,0,0.001145968,0.4283648
9812,2996812,2017-01-04 12:54:56,0,0.0011151428,0.42230472
9813,2996813,2017-01-04 12:55:52,0,0.0012786564,0.4576132
9814,2996814,2017-01-04 12:56:12,0,0.00449342,0.49283004
9815,2996815,2017-01-04 12:56:29,0,0.018895725,0.4765197
9816,2996816,2017-01-04 12:56:50,0,0.0037560274,0.44989166
9817,2996817,2017-01-04 12:57:13,0,0.020115936,0.48925188
9818,2996818,2017-01-04 12:57:29,0,0.049317878,0.47896054
9819,2996819,2017-01-04 12:59:37,0,0.00027752513,0.4463949
9820,2996820,2017-01-04 13:01:13,0,0.0016017581,0.47206217
9821,2996821,2017-01-04 13:05:13,0,0.0007169259,0.43455112
9822,2996822,2017-01-04 13:06:44,0,0.00034431886,0.44958153
9823,2996823,2017-01-04 13:08:25,0,0.002449975,0.45706737
9824,2996824,2017-01-04 13:09:58,0,0.0023603176,0.4483051
9825,2996825,2017-01-04 13:11:17,0,0.0005851854,0.43886697
9826,2996826,2017-01-04 13:11:57,0,0.006147484,0.45897916
9827,2996827,2017-01-04 13:12:48,0,0.00057318626,0.46577388
9828,2996828,2017-01-04 13:13:28,0,0.0130135855,0.44787604
9829,2996829,2017-01-04 13:14:24,0,0.006352115,0.44765103
9830,2996830,2017-01-04 13:14:57,0,0.0025673588,0.46636426
9831,2996831,2017-01-04 13:17:51,0,0.007997481,0.45002466
9832,2996832,2017-01-04 13:17:58,0,0.0015389125,0.46438336
9833,2996833,2017-01-04 13:18:46,0,0.0017367277,0.50000554
9834,2996834,2017-01-04 13:20:50,0,0.0015911836,0.43617567
9835,2996835,2017-01-04 13:22:43,0,0.0010884979,0.43633533
9836,2996836,2017-01-04 13:23:43,0,0.0005395635,0.44510344
9837,2996837,2017-01-04 13:24:00,0,0.012310564,0.4438342
9838,2996838,2017-01-04 13:24:26,0,0.00089302176,0.49451348
9839,2996839,2017-01-04 13:25:09,0,0.0044067963,0.44092613
9840,2996840,2017-01-04 13:27:10,0,0.00052934396,0.46972445
9841,2996841,2017-01-04 13:28:03,0,0.0011117344,0.46427685
9842,2996842,2017-01-04 13:28:38,0,0.0030868542,0.4153097
9843,2996843,2017-01-04 13:29:02,0,0.0022962627,0.46445197
9844,2996844,2017-01-04 13:30:16,0,0.0015324237,0.4787369
9845,2996845,2017-01-04 13:30:57,0,0.0046941107,0.4422662
9846,2996846,2017-01-04 13:31:40,0,0.044644535,0.45295975
9847,2996847,2017-01-04 13:33:54,0,0.00093037816,0.41829997
9848,2996848,2017-01-04 13:35:09,0,0.0021429353,0.45854247
9849,2996849,2017-01-04 13:36:52,0,0.0025930072,0.46653852
9850,2996850,2017-01-04 13:37:16,0,0.005686939,0.4598713
9851,2996851,2017-01-04 13:38:04,0,0.10868889,0.45799425
9852,2996852,2017-01-04 13:39:14,0,0.00080299634,0.44536564
9853,2996853,2017-01-04 13:40:06,0,0.0038496815,0.4507059
9854,2996854,2017-01-04 13:40:07,0,0.0016555199,0.4364978
9855,2996855,2017-01-04 13:41:27,0,0.0052518817,0.43671095
9856,2996856,2017-01-04 13:42:10,0,0.0021804557,0.4313728
9857,2996857,2017-01-04 13:43:13,0,0.0041185394,0.4341527
9858,2996858,2017-01-04 13:43:32,1,0.00053096307,0.41675878
9859,2996859,2017-01-04 13:43:46,0,0.03131408,0.48221442
9860,2996860,2017-01-04 13:44:28,0,0.0018301916,0.4476756
9861,2996861,2017-01-04 13:45:02,0,0.0037156756,0.46588334
9862,2996862,2017-01-04 13:45:23,0,0.0061593726,0.44225743
9863,2996863,2017-01-04 13:45:29,0,0.005219675,0.5092474
9864,2996864,2017-01-04 13:46:19,0,0.005182222,0.46896073
9865,2996865,2017-01-04 13:47:29,0,0.01851995,0.47347042
9866,2996866,2017-01-04 13:48:48,0,0.002661253,0.44661438
9867,2996867,2017-01-04 13:49:31,0,0.0011156587,0.45621333
9868,2996868,2017-01-04 13:49:49,0,0.012719115,0.453052
9869,2996869,2017-01-04 13:50:46,0,0.0006986254,0.47019932
9870,2996870,2017-01-04 13:51:30,0,0.004325846,0.41769725
9871,2996871,2017-01-04 13:52:05,0,0.021004077,0.4403748
9872,2996872,2017-01-04 13:52:31,0,0.001168753,0.4737787
9873,2996873,2017-01-04 13:53:11,0,0.0008035007,0.44280267
9874,2996874,2017-01-04 13:53:19,0,0.0024611345,0.502281
9875,2996875,2017-01-04 13:53:27,0,0.030830847,0.44272608
9876,2996876,2017-01-04 13:53:48,0,0.0024109192,0.44558898
9877,2996877,2017-01-04 13:54:24,0,0.0015197014,0.44516018
9878,2996878,2017-01-04 13:55:46,0,0.0944839,0.44285458
9879,2996879,2017-01-04 13:56:26,0,0.0005002515,0.4761679
9880,2996880,2017-01-04 13:56:29,0,0.0040770634,0.4159563
9881,2996881,2017-01-04 13:56:38,0,0.0037946845,0.44396606
9882,2996882,2017-01-04 13:57:22,0,0.0041233674,0.4994903
9883,2996883,2017-01-04 13:57:37,0,0.12029174,0.45368862
9884,2996884,2017-01-04 13:58:19,0,0.005077011,0.47556043
9885,2996885,2017-01-04 13:58:46,0,0.23778544,0.437805
9886,2996886,2017-01-04 13:59:12,0,0.091675825,0.43219662
9887,2996887,2017-01-04 13:59:39,0,0.008074257,0.4393889
9888,2996888,2017-01-04 14:00:02,0,0.00019173528,0.49394992
9889,2996889,2017-01-04 14:00:57,0,0.006562723,0.44052595
9890,2996890,2017-01-04 14:01:26,0,0.007367015,0.4218252
9891,2996891,2017-01-04 14:01:47,0,0.0045215283,0.45626038
9892,2996892,2017-01-04 14:02:10,0,0.010183462,0.45052567
9893,2996893,2017-01-04 14:02:54,0,0.0055096108,0.44403717
9894,2996894,2017-01-04 14:03:37,0,0.0013165966,0.46054682
9895,2996895,2017-01-04 14:05:09,0,0.000889726,0.4403821
9896,2996896,2017-01-04 14:05:16,0,0.00511247,0.45262468
9897,2996897,2017-01-04 14:05:40,0,0.00088590954,0.4605001
9898,2996898,2017-01-04 14:05:43,0,0.0017535007,0.47836027
9899,2996899,2017-01-04 14:06:04,0,0.015330996,0.4883253
9900,2996900,2017-01-04 14:07:07,0,0.007295132,0.43553618
9901,2996901,2017-01-04 14:07:33,0,0.041292947,0.4371625
9902,2996902,2017-01-04 14:08:20,0,0.0057622185,0.47576064
9903,2996903,2017-01-04 14:09:32,0,0.0015939237,0.4476244
9904,2996904,2017-01-04 14:09:50,0,0.02524504,0.47446045
9905,2996905,2017-01-04 14:10:42,0,0.007365927,0.4704388
9906,2996906,2017-01-04 14:10:59,0,0.022954537,0.47181106
9907,2996907,2017-01-04 14:12:04,0,0.015081607,0.45517907
9908,2996908,2017-01-04 14:12:47,0,0.0012704476,0.42787096
9909,2996909,2017-01-04 14:12:52,0,0.0018024653,0.43743002
9910,2996910,2017-01-04 14:13:29,0,0.0018687095,0.42758822
9911,2996911,2017-01-04 14:13:58,0,0.011945246,0.43787566
9912,2996912,2017-01-04 14:14:26,0,0.005589774,0.44088224
9913,2996913,2017-01-04 14:15:06,0,0.002018013,0.47506768
9914,2996914,2017-01-04 14:15:15,0,0.04061524,0.43377778
9915,2996915,2017-01-04 14:15:17,0,0.012730545,0.40999278
9916,2996916,2017-01-04 14:15:26,0,0.0035622246,0.5158273
9917,2996917,2017-01-04 14:16:38,0,0.38455015,0.45159414
9918,2996918,2017-01-04 14:16:59,0,0.010933429,0.44097197
9919,2996919,2017-01-04 14:17:16,0,0.0005250408,0.51280314
9920,2996920,2017-01-04 14:17:23,0,0.006081957,0.4497552
9921,2996921,2017-01-04 14:17:31,0,0.024465492,0.45481077
9922,2996922,2017-01-04 14:18:29,0,0.006745248,0.45394236
9923,2996923,2017-01-04 14:18:45,0,0.016359491,0.42589602
9924,2996924,2017-01-04 14:18:55,0,0.012088245,0.43693662
9925,2996925,2017-01-04 14:20:06,0,0.01008127,0.43495458
9926,2996926,2017-01-04 14:21:51,0,0.0041588815,0.4285076
9927,2996927,2017-01-04 14:21:53,0,0.009886981,0.45164654
9928,2996928,2017-01-04 14:22:02,0,0.0010858891,0.41769004
9929,2996929,2017-01-04 14:22:26,0,0.009523161,0.44164097
9930,2996930,2017-01-04 14:22:28,0,0.0026496174,0.42519104
9931,2996931,2017-01-04 14:22:29,0,0.0018125053,0.4160895
9932,2996932,2017-01-04 14:22:36,0,0.0014328477,0.4436173
9933,2996933,2017-01-04 14:22:49,0,0.026956312,0.44954354
9934,2996934,2017-01-04 14:23:19,0,0.0010091215,0.5001738
9935,2996935,2017-01-04 14:25:13,0,0.007467514,0.47603604
9936,2996936,2017-01-04 14:26:11,0,0.0002659142,0.47984806
9937,2996937,2017-01-04 14:26:28,0,0.0011391037,0.4599745
9938,2996938,2017-01-04 14:28:52,0,0.005630877,0.49223408
9939,2996939,2017-01-04 14:31:31,0,0.0010731152,0.44091374
9940,2996940,2017-01-04 14:32:41,0,0.002836852,0.49535465
9941,2996941,2017-01-04 14:32:59,0,0.0122661395,0.5179067
9942,2996942,2017-01-04 14:33:37,0,0.0027888014,0.48306727
9943,2996943,2017-01-04 14:33:42,0,0.0042660222,0.4548892
9944,2996944,2017-01-04 14:33:47,0,0.025563741,0.44182184
9945,2996945,2017-01-04 14:34:52,0,0.004526119,0.4847017
9946,2996946,2017-01-04 14:36:30,0,0.0018595877,0.51028824
9947,2996947,2017-01-04 14:36:45,0,0.0017986362,0.48700306
9948,2996948,2017-01-04 14:37:37,0,0.00064154505,0.445322
9949,2996949,2017-01-04 14:37:38,0,0.07875253,0.426954
9950,2996950,2017-01-04 14:37:41,0,0.027633168,0.4461617
9951,2996951,2017-01-04 14:37:45,0,0.011444231,0.4929806
9952,2996952,2017-01-04 14:38:27,0,0.012693088,0.4256524
9953,2996953,2017-01-04 14:39:18,0,0.0016883331,0.44228154
9954,2996954,2017-01-04 14:39:42,0,0.033568088,0.44125652
9955,2996955,2017-01-04 14:40:39,0,0.005366932,0.4571903
9956,2996956,2017-01-04 14:41:13,0,0.018389476,0.4454999
9957,2996957,2017-01-04 14:41:25,0,0.0009722952,0.41822448
9958,2996958,2017-01-04 14:41:31,0,0.008822961,0.44744918
9959,2996959,2017-01-04 14:42:54,0,0.02230144,0.43369544
9960,2996960,2017-01-04 14:42:56,0,0.0013828203,0.43419287
9961,2996961,2017-01-04 14:43:04,0,0.003530734,0.46753842
9962,2996962,2017-01-04 14:43:30,0,0.0008398692,0.42196977
9963,2996963,2017-01-04 14:43:43,0,0.0009975615,0.45074573
9964,2996964,2017-01-04 14:44:03,0,0.0036899347,0.4263068
9965,2996965,2017-01-04 14:44:16,0,0.003925131,0.45575687
9966,2996966,2017-01-04 14:44:31,0,0.1563588,0.44597605
9967,2996967,2017-01-04 14:44:47,0,0.005028784,0.43347603
9968,2996968,2017-01-04 14:45:20,0,0.005887113,0.5290764
9969,2996969,2017-01-04 14:45:51,0,0.0038760996,0.4551606
9970,2996970,2017-01-04 14:46:24,0,0.006991744,0.42424414
9971,2996971,2017-01-04 14:47:05,0,0.0036339818,0.4262589
9972,2996972,2017-01-04 14:47:07,0,0.0010550754,0.45797545
9973,2996973,2017-01-04 14:48:39,0,0.0037917653,0.4425303
9974,2996974,2017-01-04 14:48:56,0,0.0020804626,0.46461505
9975,2996975,2017-01-04 14:49:38,0,0.0046016546,0.50493574
9976,2996976,2017-01-04 14:49:41,0,0.002941783,0.4358932
9977,2996977,2017-01-04 14:50:01,0,0.0033671276,0.43363553
9978,2996978,2017-01-04 14:50:11,0,0.027958015,0.44080573
9979,2996979,2017-01-04 14:50:20,0,0.007747597,0.43382722
9980,2996980,2017-01-04 14:50:34,0,0.0035301195,0.4296263
9981,2996981,2017-01-04 14:50:54,0,0.18452814,0.45144683
9982,2996982,2017-01-04 14:51:47,0,0.00025097278,0.53011537
9983,2996983,2017-01-04 14:52:37,0,0.0023018464,0.43175372
9984,2996984,2017-01-04 14:53:00,0,0.0002512977,0.42266157
9985,2996985,2017-01-04 14:53:24,0,0.0019238365,0.42676243
9986,2996986,2017-01-04 14:53:49,0,0.00075973687,0.40507933
9987,2996987,2017-01-04 14:54:54,0,0.009136838,0.4562413
9988,2996988,2017-01-04 14:55:10,0,0.0009349689,0.45534626
9989,2996989,2017-01-04 14:55:50,0,0.028970867,0.44305593
9990,2996990,2017-01-04 14:56:12,0,0.0024276713,0.42382255
9991,2996991,2017-01-04 14:57:10,0,0.0005481181,0.47127816
9992,2996992,2017-01-04 14:57:22,0,0.0023710728,0.42623794
9993,2996993,2017-01-04 14:57:24,0,0.00401578,0.46154642
9994,2996994,2017-01-04 14:57:38,0,0.00388434,0.51963186
9995,2996995,2017-01-04 14:57:43,0,0.005624235,0.44704667
9996,2996996,2017-01-04 14:57:48,0,0.0014652523,0.43577892
9997,2996997,2017-01-04 14:58:19,0,0.0032433835,0.43760473
9998,2996998,2017-01-04 14:58:30,0,0.04468422,0.42610464
9999,2996999,2017-01-04 14:58:41,0,0.022374557,0.4391513
